ID,Satznummer,Satz,Token,Token_clean,pos_Tag,Annotation,MorphAnno,Lemma,Translation,Futur
1,"2,1",et die tertio nuptiae factae sunt in Cana Galilaeae et erat mater Iesu ibi,"et d (c )
",et,d (c ),"—> ĕt, conj. adv. (42726) : and, and even; also, even; (et ... et = both ... and); — ĕt 
", ĕt,ĕt," and, and even; also, even; (et ... et = both ... and); ",---
1,"2,1",et die tertio nuptiae factae sunt in Cana Galilaeae et erat mater Iesu ibi,"die n61
",die,n61,"—> dĭes, ei, m. et f. (2928) : day; daylight; (sunlit hours); (24 hours from midnight); open sky; weather; — dĭē ablative singular 
", dĭē ablative singular,dĭes, day; daylight; (sunlit hours); (24 hours from midnight); open sky; weather; ,---
1,"2,1",et die tertio nuptiae factae sunt in Cana Galilaeae et erat mater Iesu ibi,"tertio a61
",tertio,a61,"—> tērtĭus, a, um (447) : the third — tērtĭō masculine ablative singular 
", tērtĭō masculine ablative singular,tērtĭus, the third ,---
1,"2,1",et die tertio nuptiae factae sunt in Cana Galilaeae et erat mater Iesu ibi,"nuptiae n12
",nuptiae,n12,"—> nūptĭāe, arum, f. pl. (83) : a marriage, wedding, nuptials — nūptĭāe nominative plural 
", nūptĭāe nominative plural,nūptĭāe," a marriage, wedding, nuptials ",---
1,"2,1",et die tertio nuptiae factae sunt in Cana Galilaeae et erat mater Iesu ibi,"factae w12
",factae,w12,"—> fīo, is, fieri, factus sum (2067) : to happen, come about; to result (from); to take place, be held, occur, arise (event); to develop; — fāctāe participle perfect passive feminine nominative plural 
", fāctāe participle perfect passive feminine nominative plural,fīo," to happen, come about; to result (from); to take place, be held, occur, arise (event); to develop; ",---
1,"2,1",et die tertio nuptiae factae sunt in Cana Galilaeae et erat mater Iesu ibi,"sunt v11 ()
",sunt,v11 (),"—> sŭm, es, esse, fui (40916) : to be; to exist; (also used to form verb perfect passive tenses) with NOM PERF PPL — sūnt present indicative active 3rd plural 
", sūnt present indicative active 3rd plural,sŭm, to be; to exist; (also used to form verb perfect passive tenses) with NOM PERF PPL ,---
1,"2,1",et die tertio nuptiae factae sunt in Cana Galilaeae et erat mater Iesu ibi,"in r 
",in,r,"—> ĭn, īndŭ, prép. + acc. ou + abl. (30083) : in, into, on — ĭn 
", ĭn,ĭn," in, into, on ",---
1,"2,1",et die tertio nuptiae factae sunt in Cana Galilaeae et erat mater Iesu ibi,"Cana a61 (a11)
",Cana,a61 (a11),"—> cānus, a, um (78) : white, gray; aged, old, wise; hoary; foamy, white-capped; white w/snow/frost; — cānā feminine ablative singular 
", cānā feminine ablative singular,cānus," white, gray; aged, old, wise; hoary; foamy, white-capped; white w/snow/frost; ",---
1,"2,1",et die tertio nuptiae factae sunt in Cana Galilaeae et erat mater Iesu ibi,Galilaeae : ,Galilaeae : ,d (c ),NON TROUVÉ,-,-,-,---
1,"2,1",et die tertio nuptiae factae sunt in Cana Galilaeae et erat mater Iesu ibi,"et d (c )
",et,v1 (),"—> ĕt, conj. adv. (42726) : and, and even; also, even; (et ... et = both ... and); — ĕt 
", ĕt,ĕt," and, and even; also, even; (et ... et = both ... and); ",---
1,"2,1",et die tertio nuptiae factae sunt in Cana Galilaeae et erat mater Iesu ibi,"erat v1 ()
",erat,n11,"—> sŭm, es, esse, fui (40916) : to be; to exist; (also used to form verb perfect passive tenses) with NOM PERF PPL — ĕrăt imperfect indicative active 3rd singular 
", ĕrăt imperfect indicative active 3rd singular,sŭm, to be; to exist; (also used to form verb perfect passive tenses) with NOM PERF PPL ,---
1,"2,1",et die tertio nuptiae factae sunt in Cana Galilaeae et erat mater Iesu ibi,"mater n11
",mater,n61,"—> mātĕr, tris, f. (992) : mother, foster mother; lady, matron; origin, source, motherland, mother city; — mātĕr nominative singular 
", mātĕr nominative singular,mātĕr," mother, foster mother; lady, matron; origin, source, motherland, mother city; ",---
1,"2,1",et die tertio nuptiae factae sunt in Cana Galilaeae et erat mater Iesu ibi,"Iesu n61
",Iesu,d,"—> Jēsūs, npr. m. : Jésus — Jēsū ablative singular 
", Jēsū ablative singular,Jēsūs, Jésus ,---
1,"2,1",et die tertio nuptiae factae sunt in Cana Galilaeae et erat mater Iesu ibi,"ibi d 
",ibi,w11,"—> ĭbĭ, adv. (587) : there, in that place; thereupon; — ĭbĭ 
", ĭbĭ,ĭbĭ," there, in that place; thereupon; ",---
2,"2,2",vocatus est autem ibi et Iesus et discipuli eius ad nuptias,"vocatus w11
",vocatus,v11 (),"—> vŏco, as, are (1121) : to call, summon; to name; to call upon; — vŏcātŭs participle perfect passive masculine nominative singular 
", vŏcātŭs participle perfect passive masculine nominative singular,vŏco," to call, summon; to name; to call upon; ",---
2,"2,2",vocatus est autem ibi et Iesus et discipuli eius ad nuptias,"est v11 ()
",est,c (),"—> sŭm, es, esse, fui (40916) : to be; to exist; (also used to form verb perfect passive tenses) with NOM PERF PPL — ēst present indicative active 3rd singular 
", ēst present indicative active 3rd singular,sŭm, to be; to exist; (also used to form verb perfect passive tenses) with NOM PERF PPL ,---
2,"2,2",vocatus est autem ibi et Iesus et discipuli eius ad nuptias,"autem c ()
",autem,d,"—> āutĕm, conj. coord. (2095) : but (postpositive), on the other hand/contrary; while, however; moreover, also; — āutĕm 
", āutĕm,āutĕm," but (postpositive), on the other hand/contrary; while, however; moreover, also; ",---
2,"2,2",vocatus est autem ibi et Iesus et discipuli eius ad nuptias,"ibi d 
",ibi,d (c ),"—> ĭbĭ, adv. (587) : there, in that place; thereupon; — ĭbĭ 
", ĭbĭ,ĭbĭ," there, in that place; thereupon; ",---
2,"2,2",vocatus est autem ibi et Iesus et discipuli eius ad nuptias,"et d (c )
",et,n11,"—> ĕt, conj. adv. (42726) : and, and even; also, even; (et ... et = both ... and); — ĕt 
", ĕt,ĕt," and, and even; also, even; (et ... et = both ... and); ",---
2,"2,2",vocatus est autem ibi et Iesus et discipuli eius ad nuptias,"Iesus n11
",Iesus,d (c ),"—> Jēsūs, npr. m. : Jésus — Jēsūs nominative singular 
", Jēsūs nominative singular,Jēsūs, Jésus ,---
2,"2,2",vocatus est autem ibi et Iesus et discipuli eius ad nuptias,"et d (c )
",et,n41,"—> ĕt, conj. adv. (42726) : and, and even; also, even; (et ... et = both ... and); — ĕt 
", ĕt,ĕt," and, and even; also, even; (et ... et = both ... and); ",---
2,"2,2",vocatus est autem ibi et Iesus et discipuli eius ad nuptias,"discipuli n41
",discipuli,a41,"—> dīscĭpŭlus, i, m. (50) : student, pupil, trainee; follower, disciple; — dīscĭpŭlī genitive singular 
", dīscĭpŭlī genitive singular,dīscĭpŭlus," student, pupil, trainee; follower, disciple; ",---
2,"2,2",vocatus est autem ibi et Iesus et discipuli eius ad nuptias,"eius a41
",eius,r (),"—> ĭs, ea, id, adj. et pron. (18209) : he/she/it/they (by GENDER/NUMBER); DEMONST that, he/she/it, they/them; — ējŭs masculine genitive singular 
", ējŭs masculine genitive singular,ĭs," he/she/it/they (by GENDER/NUMBER); DEMONST that, he/she/it, they/them; ",---
2,"2,2",vocatus est autem ibi et Iesus et discipuli eius ad nuptias,"ad r ()
",ad,n32,"—> ăd, prép. + acc. (11922) : to, up to, towards; near, at; until, on, by; almost; according to; about w/NUM; — ăd 
", ăd,ăd," to, up to, towards; near, at; until, on, by; almost; according to; about w/NUM; ",---
2,"2,2",vocatus est autem ibi et Iesus et discipuli eius ad nuptias,"nuptias n32
",nuptias,d (c ),"—> nūptĭāe, arum, f. pl. (83) : a marriage, wedding, nuptials — nūptĭās accusative plural 
", nūptĭās accusative plural,nūptĭāe," a marriage, wedding, nuptials ",---
3,"2,3",et deficiente vino dicit mater Iesu ad eum vinum non habent,"et d (c )
",et,w61,"—> ĕt, conj. adv. (42726) : and, and even; also, even; (et ... et = both ... and); — ĕt 
", ĕt,ĕt," and, and even; also, even; (et ... et = both ... and); ",---
3,"2,3",et deficiente vino dicit mater Iesu ad eum vinum non habent,"deficiente w61
",deficiente,n61,"—> dēfĭcĭo, is, ere, feci, fectum (274) : to fail/falter; to run short/out; to grow weak/faint; to come to end; to revolt/rebel, - to pass away; to become extinct, die/fade out; to subside/sink; to suffer eclipse, wane; — dēfĭcĭēntĕ participle present active masculine ablative singular 
", dēfĭcĭēntĕ participle present active masculine ablative singular,dēfĭcĭo," to fail/falter; to run short/out; to grow weak/faint; to come to end; to revolt/rebel, - to pass away; to become extinct, die/fade out; to subside/sink; to suffer eclipse, wane; ",---
3,"2,3",et deficiente vino dicit mater Iesu ad eum vinum non habent,"vino n61
",vino,v11,"—> vīnŭm, i, n. (470) : wine; — vīnō ablative singular 
", vīnō ablative singular,vīnŭm, wine; ,---
3,"2,3",et deficiente vino dicit mater Iesu ad eum vinum non habent,"dicit v11
",dicit,n11,"—> dīco, is, ere, dixi, dictum (7210) : to say, declare, state; to allege, declare positively; to assert; to plead (case); to mean; — dīcĭt present indicative active 3rd singular 
", dīcĭt present indicative active 3rd singular,dīco," to say, declare, state; to allege, declare positively; to assert; to plead (case); to mean; ",---
3,"2,3",et deficiente vino dicit mater Iesu ad eum vinum non habent,"mater n11
",mater,n61,"—> mātĕr, tris, f. (992) : mother, foster mother; lady, matron; origin, source, motherland, mother city; — mātĕr nominative singular 
", mātĕr nominative singular,mātĕr," mother, foster mother; lady, matron; origin, source, motherland, mother city; ",---
3,"2,3",et deficiente vino dicit mater Iesu ad eum vinum non habent,"Iesu n61
",Iesu,r (),"—> Jēsūs, npr. m. : Jésus — Jēsū ablative singular 
", Jēsū ablative singular,Jēsūs, Jésus ,---
3,"2,3",et deficiente vino dicit mater Iesu ad eum vinum non habent,"ad r ()
",ad,p31,"—> ăd, prép. + acc. (11922) : to, up to, towards; near, at; until, on, by; almost; according to; about w/NUM; — ăd 
", ăd,ăd," to, up to, towards; near, at; until, on, by; almost; according to; about w/NUM; ",---
3,"2,3",et deficiente vino dicit mater Iesu ad eum vinum non habent,"eum p31
",eum,n31,"—> ĭs, ea, id, adj. et pron. (18209) : he/she/it/they (by GENDER/NUMBER); DEMONST that, he/she/it, they/them; — ĕŭm masculine accusative singular 
", ĕŭm masculine accusative singular,ĭs," he/she/it/they (by GENDER/NUMBER); DEMONST that, he/she/it, they/them; ",---
3,"2,3",et deficiente vino dicit mater Iesu ad eum vinum non habent,"vinum n31
",vinum,d,"—> vīnŭm, i, n. (470) : wine; — vīnŭm accusative singular 
", vīnŭm accusative singular,vīnŭm, wine; ,---
3,"2,3",et deficiente vino dicit mater Iesu ad eum vinum non habent,"non d 
",non,v11,"—> nōn, adv. neg. (21761) : not, by no means, no; [non modo ... sed etiam => not only ... but also]; — nōn 
", nōn,nōn," not, by no means, no; [non modo ... sed etiam => not only ... but also]; ",---
3,"2,3",et deficiente vino dicit mater Iesu ad eum vinum non habent,"habent v11
",habent,d (c ),"—> hăbĕo, es, ere, bui, bitum (5460) : to have, hold, consider, think, reason; to manage, keep; to spend/pass (time); — hăbēnt present indicative active 3rd plural 
", hăbēnt present indicative active 3rd plural,hăbĕo," to have, hold, consider, think, reason; to manage, keep; to spend/pass (time); ",---
4,"2,4",et dicit ei Iesus quid mihi et tibi est mulier nondum venit hora mea,"et d (c )
",et,v11,"—> ĕt, conj. adv. (42726) : and, and even; also, even; (et ... et = both ... and); — ĕt 
", ĕt,ĕt," and, and even; also, even; (et ... et = both ... and); ",---
4,"2,4",et dicit ei Iesus quid mihi et tibi est mulier nondum venit hora mea,"dicit v11
",dicit,p51,"—> dīco, is, ere, dixi, dictum (7210) : to say, declare, state; to allege, declare positively; to assert; to plead (case); to mean; — dīcĭt present indicative active 3rd singular 
", dīcĭt present indicative active 3rd singular,dīco," to say, declare, state; to allege, declare positively; to assert; to plead (case); to mean; ",---
4,"2,4",et dicit ei Iesus quid mihi et tibi est mulier nondum venit hora mea,"ei p51
",ei,n11,"—> ĭs, ea, id, adj. et pron. (18209) : he/she/it/they (by GENDER/NUMBER); DEMONST that, he/she/it, they/them; — ĕī masculine dative singular 
", ĕī masculine dative singular,ĭs," he/she/it/they (by GENDER/NUMBER); DEMONST that, he/she/it, they/them; ",---
4,"2,4",et dicit ei Iesus quid mihi et tibi est mulier nondum venit hora mea,"Iesus n11
",Iesus,p11,"—> Jēsūs, npr. m. : Jésus — Jēsūs nominative singular 
", Jēsūs nominative singular,Jēsūs, Jésus ,---
4,"2,4",et dicit ei Iesus quid mihi et tibi est mulier nondum venit hora mea,"quid p11
",quid,p51,"—> quĭs, quae, quid, pron. interr. (13642) : who? which? what? what man? — quĭd neuter nominative singular 
", quĭd neuter nominative singular,quĭs, who? which? what? what man? ,---
4,"2,4",et dicit ei Iesus quid mihi et tibi est mulier nondum venit hora mea,"mihi p51
",mihi,d (c ),"—> ĕgō̆, mei, pron. (14846) : moi, me — mĭhĭ masculine dative singular 
", mĭhĭ masculine dative singular,ĕgō̆," moi, me ",---
4,"2,4",et dicit ei Iesus quid mihi et tibi est mulier nondum venit hora mea,"et d (c )
",et,p51,"—> ĕt, conj. adv. (42726) : and, and even; also, even; (et ... et = both ... and); — ĕt 
", ĕt,ĕt," and, and even; also, even; (et ... et = both ... and); ",---
4,"2,4",et dicit ei Iesus quid mihi et tibi est mulier nondum venit hora mea,"tibi p51
",tibi,v11 (),"—> tū, tui, sing. pron. (13016) : you (sing.); thou/thine/thee/thy (PERS); yourself/thyself (REFLEX); — tĭbĭ masculine dative singular 
", tĭbĭ masculine dative singular,tū, you (sing.); thou/thine/thee/thy (PERS); yourself/thyself (REFLEX); ,---
4,"2,4",et dicit ei Iesus quid mihi et tibi est mulier nondum venit hora mea,"est v11 ()
",est,n11,"—> sŭm, es, esse, fui (40916) : to be; to exist; (also used to form verb perfect passive tenses) with NOM PERF PPL — ēst present indicative active 3rd singular 
", ēst present indicative active 3rd singular,sŭm, to be; to exist; (also used to form verb perfect passive tenses) with NOM PERF PPL ,---
4,"2,4",et dicit ei Iesus quid mihi et tibi est mulier nondum venit hora mea,"mulier n11
",mulier,d,"—> mŭlĭĕr, is, f. (367) : woman; wife; mistress; — mŭlĭĕr nominative singular 
", mŭlĭĕr nominative singular,mŭlĭĕr, woman; wife; mistress; ,---
4,"2,4",et dicit ei Iesus quid mihi et tibi est mulier nondum venit hora mea,"nondum d 
",nondum,v11,"—> nōndŭm, adv. (424) : not yet; — nōndŭm 
", nōndŭm,nōndŭm, not yet; ,---
4,"2,4",et dicit ei Iesus quid mihi et tibi est mulier nondum venit hora mea,"venit v11
",venit,n11 (n61),"—> vĕnĭo, is, ire, ueni, uentum (2796) : to come; — vĕnĭt present indicative active 3rd singular 
", vĕnĭt present indicative active 3rd singular,vĕnĭo, to come; ,---
4,"2,4",et dicit ei Iesus quid mihi et tibi est mulier nondum venit hora mea,"hora n11 (n61)
",hora,a11,"—> hōra, ae, f. (284) : hour; time; season; [Horae => Seasons]; — hōră nominative singular 
", hōră nominative singular,hōra, hour; time; season; [Horae => Seasons]; ,---
4,"2,4",et dicit ei Iesus quid mihi et tibi est mulier nondum venit hora mea,"mea a11
",mea,v11,"—> mĕus, mea, meum (1116) : my (personal possession); mine, of me, belonging to me; my own; to me; — mĕă feminine nominative singular 
", mĕă feminine nominative singular,mĕus," my (personal possession); mine, of me, belonging to me; my own; to me; ",---
5,"2,5",dicit mater eius ministris quodcumque dixerit vobis facite,"dicit v11
",dicit,n11,"—> dīco, is, ere, dixi, dictum (7210) : to say, declare, state; to allege, declare positively; to assert; to plead (case); to mean; — dīcĭt present indicative active 3rd singular 
", dīcĭt present indicative active 3rd singular,dīco," to say, declare, state; to allege, declare positively; to assert; to plead (case); to mean; ",---
5,"2,5",dicit mater eius ministris quodcumque dixerit vobis facite,"mater n11
",mater,p41 (a41),"—> mātĕr, tris, f. (992) : mother, foster mother; lady, matron; origin, source, motherland, mother city; — mātĕr nominative singular 
", mātĕr nominative singular,mātĕr," mother, foster mother; lady, matron; origin, source, motherland, mother city; ",---
5,"2,5",dicit mater eius ministris quodcumque dixerit vobis facite,"eius p41 (a41)
",eius,n62,"—> ĭs, ea, id, adj. et pron. (18209) : he/she/it/they (by GENDER/NUMBER); DEMONST that, he/she/it, they/them; — ējŭs masculine genitive singular 
", ējŭs masculine genitive singular,ĭs," he/she/it/they (by GENDER/NUMBER); DEMONST that, he/she/it, they/them; ",---
5,"2,5",dicit mater eius ministris quodcumque dixerit vobis facite,"ministris n62
",ministris,p11,"—> mĭnīstĕr, tri, m. (141) : minister; — mĭnīstrīs ablative plural 
", mĭnīstrīs ablative plural,mĭnīstĕr, minister; ,---
5,"2,5",dicit mater eius ministris quodcumque dixerit vobis facite,"quodcumque p11
",quodcumque,v1,"—> quīcūmquĕ, quae-, quod- (-cun-) (551) : Whoever, whatever, whosoever, whatsoever, every one who, every thing that, all that — quōdcūmquĕ neuter nominative singular 
", quōdcūmquĕ neuter nominative singular,quīcūmquĕ," Whoever, whatever, whosoever, whatsoever, every one who, every thing that, all that ",---
5,"2,5",dicit mater eius ministris quodcumque dixerit vobis facite,"dixerit v1 
",dixerit,p62,"—> dīco, is, ere, dixi, dictum (7210) : to say, declare, state; to allege, declare positively; to assert; to plead (case); to mean; — dīxĕrĭt future perfect indicative active 3rd singular 
", dīxĕrĭt future perfect indicative active 3rd singular,dīco," to say, declare, state; to allege, declare positively; to assert; to plead (case); to mean; ",FUTUR
5,"2,5",dicit mater eius ministris quodcumque dixerit vobis facite,"vobis p62
",vobis,v31,"—> vōs, uestrum, pl. pron. (2402) : you (pl.), ye; — vōbīs masculine ablative plural 
", vōbīs masculine ablative plural,vōs," you (pl.), ye; ",---
5,"2,5",dicit mater eius ministris quodcumque dixerit vobis facite,"facite v31
",facite,v1 (),"—> făcĭo, is, ere, feci, factum (5766) : to make/build/construct/create/cause/do; to have built/made; to fashion; to work (metal); — făcĭtĕ present imperative active 2nd plural 
", făcĭtĕ present imperative active 2nd plural,făcĭo, to make/build/construct/create/cause/do; to have built/made; to fashion; to work (metal); ,---
6,"2,6",erant autem ibi lapideae hydriae sex positae secundum purificationem Iudaeorum capientes singulae metretas binas vel ternas,"erant v1 ()
",erant,c (),"—> sŭm, es, esse, fui (40916) : to be; to exist; (also used to form verb perfect passive tenses) with NOM PERF PPL — ĕrānt imperfect indicative active 3rd plural 
", ĕrānt imperfect indicative active 3rd plural,sŭm, to be; to exist; (also used to form verb perfect passive tenses) with NOM PERF PPL ,---
6,"2,6",erant autem ibi lapideae hydriae sex positae secundum purificationem Iudaeorum capientes singulae metretas binas vel ternas,"autem c ()
",autem,d,"—> āutĕm, conj. coord. (2095) : but (postpositive), on the other hand/contrary; while, however; moreover, also; — āutĕm 
", āutĕm,āutĕm," but (postpositive), on the other hand/contrary; while, however; moreover, also; ",---
6,"2,6",erant autem ibi lapideae hydriae sex positae secundum purificationem Iudaeorum capientes singulae metretas binas vel ternas,"ibi d 
",ibi,a12,"—> ĭbĭ, adv. (587) : there, in that place; thereupon; — ĭbĭ 
", ĭbĭ,ĭbĭ," there, in that place; thereupon; ",---
6,"2,6",erant autem ibi lapideae hydriae sex positae secundum purificationem Iudaeorum capientes singulae metretas binas vel ternas,"lapideae a12
",lapideae,n12 (n41),"—> lăpĭdĕus, a, um (8) : of stone; stony; — lăpĭdĕāe feminine nominative plural 
", lăpĭdĕāe feminine nominative plural,lăpĭdĕus, of stone; stony; ,---
6,"2,6",erant autem ibi lapideae hydriae sex positae secundum purificationem Iudaeorum capientes singulae metretas binas vel ternas,"hydriae n12 (n41)
",hydriae,m,"—> hȳ̆drĭa, ae, f. (6) : water-pot; (esp. ornamental and used for temple offerings); — hȳ̆drĭāe nominative plural 
", hȳ̆drĭāe nominative plural,hȳ̆drĭa, water-pot; (esp. ornamental and used for temple offerings); ,---
6,"2,6",erant autem ibi lapideae hydriae sex positae secundum purificationem Iudaeorum capientes singulae metretas binas vel ternas,"sex m 
",sex,w12,"—> sēx, adj. num. (120) : six; — sēx 
", sēx,sēx, six; ,---
6,"2,6",erant autem ibi lapideae hydriae sex positae secundum purificationem Iudaeorum capientes singulae metretas binas vel ternas,"positae w12
",positae,a31,"—> pōno, is, ere, posui, situm (1263) : - to put/place/set; to station/post (troops); to pitch (camp); to situate; to set up; to erect; to bury; - to put/lay down (load/arms), take off (clothes); to shed (leaves); to cut (nails); — pŏsĭtāe participle perfect passive feminine nominative plural 
", pŏsĭtāe participle perfect passive feminine nominative plural,pōno," - to put/place/set; to station/post (troops); to pitch (camp); to situate; to set up; to erect; to bury; - to put/lay down (load/arms), take off (clothes); to shed (leaves); to cut (nails); ",---
6,"2,6",erant autem ibi lapideae hydriae sex positae secundum purificationem Iudaeorum capientes singulae metretas binas vel ternas,"secundum a31
",secundum,n42,"—> sĕcūndus, a, um (440) : next, following; second; substituted; secondary/inferior; subordinate; — sĕcūndŭm masculine accusative singular 
", sĕcūndŭm masculine accusative singular,sĕcūndus," next, following; second; substituted; secondary/inferior; subordinate; ",---
6,"2,6",erant autem ibi lapideae hydriae sex positae secundum purificationem Iudaeorum capientes singulae metretas binas vel ternas,purificationem : ,purificationem : ,w32,NON TROUVÉ,-,-,-,---
6,"2,6",erant autem ibi lapideae hydriae sex positae secundum purificationem Iudaeorum capientes singulae metretas binas vel ternas,"Iudaeorum n42
",Iudaeorum,a12,"—> Jūdāei, orum, m. (28) : the Jews — Jūdāeōrŭm genitive plural 
", Jūdāeōrŭm genitive plural,Jūdāei, the Jews ,---
6,"2,6",erant autem ibi lapideae hydriae sex positae secundum purificationem Iudaeorum capientes singulae metretas binas vel ternas,"capientes w32
",capientes,n32,"—> căpĭo, is, ere, cepi, captum (1382) : taking/seizing; [usus ~ => getting ownership by continued possession]; — căpĭēntēs participle present active masculine accusative plural 
", căpĭēntēs participle present active masculine accusative plural,căpĭo, taking/seizing; [usus ~ => getting ownership by continued possession]; ,---
6,"2,6",erant autem ibi lapideae hydriae sex positae secundum purificationem Iudaeorum capientes singulae metretas binas vel ternas,"singulae a12
",singulae,a32,"—> sīngŭlus, cf. singuli (582) : One to each, separate, single — sīngŭlāe feminine nominative plural 
", sīngŭlāe feminine nominative plural,sīngŭlus," One to each, separate, single ",---
6,"2,6",erant autem ibi lapideae hydriae sex positae secundum purificationem Iudaeorum capientes singulae metretas binas vel ternas,"metretas n32
",metretas,d,"—> mĕtrēta, ae, f. (5) : Greek liquid measure; — mĕtrētās accusative plural 
", mĕtrētās accusative plural,mĕtrēta, Greek liquid measure; ,---
6,"2,6",erant autem ibi lapideae hydriae sex positae secundum purificationem Iudaeorum capientes singulae metretas binas vel ternas,"binas a32
",binas,a32,"—> bīnus, a, um (124) : double — bīnās feminine accusative plural 
", bīnās feminine accusative plural,bīnus, double ,---
6,"2,6",erant autem ibi lapideae hydriae sex positae secundum purificationem Iudaeorum capientes singulae metretas binas vel ternas,"vel d 
",vel,v11,"—> vĕl, adv. (1267) : or; [vel ... vel => either ... or]; — vĕl 
", vĕl,vĕl, or; [vel ... vel => either ... or]; ,---
6,"2,6",erant autem ibi lapideae hydriae sex positae secundum purificationem Iudaeorum capientes singulae metretas binas vel ternas,"ternas a32
",ternas,p52 (a62),"—> tērnus, ae, a (71) : three each (pl.), three at a time; — tērnās feminine accusative plural 
", tērnās feminine accusative plural,tērnus," three each (pl.), three at a time; ",---
7,"2,7",dicit eis Iesus implete hydrias aqua et impleverunt eas usque ad summum,"dicit v11
",dicit,n11,"—> dīco, is, ere, dixi, dictum (7210) : to say, declare, state; to allege, declare positively; to assert; to plead (case); to mean; — dīcĭt present indicative active 3rd singular 
", dīcĭt present indicative active 3rd singular,dīco," to say, declare, state; to allege, declare positively; to assert; to plead (case); to mean; ",---
7,"2,7",dicit eis Iesus implete hydrias aqua et impleverunt eas usque ad summum,"eis p52 (a62)
",eis,v31,"—> ĭs, ea, id, adj. et pron. (18209) : he/she/it/they (by GENDER/NUMBER); DEMONST that, he/she/it, they/them; — ĕīs masculine dative plural 
", ĕīs masculine dative plural,ĭs," he/she/it/they (by GENDER/NUMBER); DEMONST that, he/she/it, they/them; ",---
7,"2,7",dicit eis Iesus implete hydrias aqua et impleverunt eas usque ad summum,"Iesus n11
",Iesus,n32,"—> Jēsūs, npr. m. : Jésus — Jēsūs nominative singular 
", Jēsūs nominative singular,Jēsūs, Jésus ,---
7,"2,7",dicit eis Iesus implete hydrias aqua et impleverunt eas usque ad summum,"implete v31
",implete,n61,"—> īmplĕo, es, ere, eui, etum (274) : to fill up; to satisfy, fulfill; to fill, finish, complete; to spend (time); — īmplētĕ present imperative active 2nd plural 
", īmplētĕ present imperative active 2nd plural,īmplĕo," to fill up; to satisfy, fulfill; to fill, finish, complete; to spend (time); ",---
7,"2,7",dicit eis Iesus implete hydrias aqua et impleverunt eas usque ad summum,"hydrias n32
",hydrias,c,"—> hȳ̆drĭa, ae, f. (6) : water-pot; (esp. ornamental and used for temple offerings); — hȳ̆drĭās accusative plural 
", hȳ̆drĭās accusative plural,hȳ̆drĭa, water-pot; (esp. ornamental and used for temple offerings); ,---
7,"2,7",dicit eis Iesus implete hydrias aqua et impleverunt eas usque ad summum,"aqua n61
",aqua,v1,"—> ăqua, ae, f. (915) : water; sea, lake; river, stream; rain, rainfall (pl.), rainwater; spa; urine; — ăquā ablative singular 
", ăquā ablative singular,ăqua," water; sea, lake; river, stream; rain, rainfall (pl.), rainwater; spa; urine; ",---
7,"2,7",dicit eis Iesus implete hydrias aqua et impleverunt eas usque ad summum,"et c 
",et,a32,"—> ĕt, conj. adv. (42726) : and, and even; also, even; (et ... et = both ... and); — ĕt 
", ĕt,ĕt," and, and even; also, even; (et ... et = both ... and); ",---
7,"2,7",dicit eis Iesus implete hydrias aqua et impleverunt eas usque ad summum,"impleverunt v1 
",impleverunt,r,"—> īmplĕo, es, ere, eui, etum (274) : to fill up; to satisfy, fulfill; to fill, finish, complete; to spend (time); — īmplēvērūnt perfect indicative active 3rd plural 
", īmplēvērūnt perfect indicative active 3rd plural,īmplĕo," to fill up; to satisfy, fulfill; to fill, finish, complete; to spend (time); ",---
7,"2,7",dicit eis Iesus implete hydrias aqua et impleverunt eas usque ad summum,"eas a32
",eas,r (),"—> ĭs, ea, id, adj. et pron. (18209) : he/she/it/they (by GENDER/NUMBER); DEMONST that, he/she/it, they/them; — ĕās feminine accusative plural 
", ĕās feminine accusative plural,ĭs," he/she/it/they (by GENDER/NUMBER); DEMONST that, he/she/it, they/them; ",---
7,"2,7",dicit eis Iesus implete hydrias aqua et impleverunt eas usque ad summum,"usque r 
",usque,a31,"—> ūsquĕ, prép. + acc. (598) : up to (name of town or locality); — ūsquĕ 
", ūsquĕ,ūsquĕ, up to (name of town or locality); ,---
7,"2,7",dicit eis Iesus implete hydrias aqua et impleverunt eas usque ad summum,"ad r ()
",ad,c,"—> ăd, prép. + acc. (11922) : to, up to, towards; near, at; until, on, by; almost; according to; about w/NUM; — ăd 
", ăd,ăd," to, up to, towards; near, at; until, on, by; almost; according to; about w/NUM; ",---
7,"2,7",dicit eis Iesus implete hydrias aqua et impleverunt eas usque ad summum,"summum a31
",summum,v11,"—> sūmmus, a, um (1552) : highest, the top of; greatest; last; the end of; — sūmmŭm masculine accusative singular 
", sūmmŭm masculine accusative singular,sūmmus," highest, the top of; greatest; last; the end of; ",---
8,"2,8",et dicit eis Iesus haurite nunc et ferte architriclino et tulerunt,"et c 
",et,a62,"—> ĕt, conj. adv. (42726) : and, and even; also, even; (et ... et = both ... and); — ĕt 
", ĕt,ĕt," and, and even; also, even; (et ... et = both ... and); ",---
8,"2,8",et dicit eis Iesus haurite nunc et ferte architriclino et tulerunt,"dicit v11
",dicit,n11,"—> dīco, is, ere, dixi, dictum (7210) : to say, declare, state; to allege, declare positively; to assert; to plead (case); to mean; — dīcĭt present indicative active 3rd singular 
", dīcĭt present indicative active 3rd singular,dīco," to say, declare, state; to allege, declare positively; to assert; to plead (case); to mean; ",---
8,"2,8",et dicit eis Iesus haurite nunc et ferte architriclino et tulerunt,"eis a62
",eis,v31,"—> ĭs, ea, id, adj. et pron. (18209) : he/she/it/they (by GENDER/NUMBER); DEMONST that, he/she/it, they/them; — ĕīs masculine ablative plural 
", ĕīs masculine ablative plural,ĭs," he/she/it/they (by GENDER/NUMBER); DEMONST that, he/she/it, they/them; ",---
8,"2,8",et dicit eis Iesus haurite nunc et ferte architriclino et tulerunt,"Iesus n11
",Iesus,d (),"—> Jēsūs, npr. m. : Jésus — Jēsūs nominative singular 
", Jēsūs nominative singular,Jēsūs, Jésus ,---
8,"2,8",et dicit eis Iesus haurite nunc et ferte architriclino et tulerunt,"haurite v31
",haurite,d (c ),"—> hāurĭo, is, ire, hausi, haustum (142) : to draw up/out; to drink, swallow, drain, exhaust; — hāurītĕ present imperative active 2nd plural 
", hāurītĕ present imperative active 2nd plural,hāurĭo," to draw up/out; to drink, swallow, drain, exhaust; ",---
8,"2,8",et dicit eis Iesus haurite nunc et ferte architriclino et tulerunt,"nunc d ()
",nunc,v31,"—> nūnc, adv. (3149) : now, today, at present; — nūnc 
", nūnc,nūnc," now, today, at present; ",---
8,"2,8",et dicit eis Iesus haurite nunc et ferte architriclino et tulerunt,"et d (c )
",et,c,"—> ĕt, conj. adv. (42726) : and, and even; also, even; (et ... et = both ... and); — ĕt 
", ĕt,ĕt," and, and even; also, even; (et ... et = both ... and); ",---
8,"2,8",et dicit eis Iesus haurite nunc et ferte architriclino et tulerunt,"ferte v31
",ferte,v1,"—> fĕro, fers, ferre, tuli, latum (3111) : to bring, bear; to tell/speak of; to consider; to carry off, win, receive, produce; to get; — fērtĕ present imperative active 2nd plural 
", fērtĕ present imperative active 2nd plural,fĕro," to bring, bear; to tell/speak of; to consider; to carry off, win, receive, produce; to get; ",---
8,"2,8",et dicit eis Iesus haurite nunc et ferte architriclino et tulerunt,architriclino : ,architriclino : ,c (),NON TROUVÉ,-,-,-,---
8,"2,8",et dicit eis Iesus haurite nunc et ferte architriclino et tulerunt,"et c 
",et,c (),"—> ĕt, conj. adv. (42726) : and, and even; also, even; (et ... et = both ... and); — ĕt 
", ĕt,ĕt," and, and even; also, even; (et ... et = both ... and); ",---
8,"2,8",et dicit eis Iesus haurite nunc et ferte architriclino et tulerunt,"tulerunt v1 
",tulerunt,v1,"—> fĕro, fers, ferre, tuli, latum (3111) : to bring, bear; to tell/speak of; to consider; to carry off, win, receive, produce; to get; — tŭlērūnt perfect indicative active 3rd plural 
", tŭlērūnt perfect indicative active 3rd plural,fĕro," to bring, bear; to tell/speak of; to consider; to carry off, win, receive, produce; to get; ",---
9,"2,9",ut autem gustavit architriclinus aquam vinum factam et non sciebat unde esset ministri autem sciebant qui haurierant aquam vocat sponsum architriclinus,"ut c ()
",ut,n31,"—> ŭt, ŭtŭt, conj. sub. + ind. ou subj. (10753) : to (+ subjunctive), in order that/to; how, as, when, while; even if; — ŭt 
", ŭt,ŭt," to (+ subjunctive), in order that/to; how, as, when, while; even if; ",---
9,"2,9",ut autem gustavit architriclinus aquam vinum factam et non sciebat unde esset ministri autem sciebant qui haurierant aquam vocat sponsum architriclinus,"autem c ()
",autem,n31,"—> āutĕm, conj. coord. (2095) : but (postpositive), on the other hand/contrary; while, however; moreover, also; — āutĕm 
", āutĕm,āutĕm," but (postpositive), on the other hand/contrary; while, however; moreover, also; ",---
9,"2,9",ut autem gustavit architriclinus aquam vinum factam et non sciebat unde esset ministri autem sciebant qui haurierant aquam vocat sponsum architriclinus,"gustavit v1 
",gustavit,w31,"—> gūsto, as, are (34) : to taste, sip; to have some experience of; to enjoy; — gūstāvĭt perfect indicative active 3rd singular 
", gūstāvĭt perfect indicative active 3rd singular,gūsto," to taste, sip; to have some experience of; to enjoy; ",---
9,"2,9",ut autem gustavit architriclinus aquam vinum factam et non sciebat unde esset ministri autem sciebant qui haurierant aquam vocat sponsum architriclinus,architriclinus : ,architriclinus : ,c,NON TROUVÉ,-,-,-,---
9,"2,9",ut autem gustavit architriclinus aquam vinum factam et non sciebat unde esset ministri autem sciebant qui haurierant aquam vocat sponsum architriclinus,"aquam n31
",aquam,d,"—> ăqua, ae, f. (915) : water; sea, lake; river, stream; rain, rainfall (pl.), rainwater; spa; urine; — ăquăm accusative singular 
", ăquăm accusative singular,ăqua," water; sea, lake; river, stream; rain, rainfall (pl.), rainwater; spa; urine; ",---
9,"2,9",ut autem gustavit architriclinus aquam vinum factam et non sciebat unde esset ministri autem sciebant qui haurierant aquam vocat sponsum architriclinus,"vinum n31
",vinum,v1,"—> vīnŭm, i, n. (470) : wine; — vīnŭm accusative singular 
", vīnŭm accusative singular,vīnŭm, wine; ,---
9,"2,9",ut autem gustavit architriclinus aquam vinum factam et non sciebat unde esset ministri autem sciebant qui haurierant aquam vocat sponsum architriclinus,"factam w31
",factam,d,"—> fīo, is, fieri, factus sum (2067) : to happen, come about; to result (from); to take place, be held, occur, arise (event); to develop; — fāctăm participle perfect passive feminine accusative singular 
", fāctăm participle perfect passive feminine accusative singular,fīo," to happen, come about; to result (from); to take place, be held, occur, arise (event); to develop; ",---
9,"2,9",ut autem gustavit architriclinus aquam vinum factam et non sciebat unde esset ministri autem sciebant qui haurierant aquam vocat sponsum architriclinus,"et c 
",et,v2,"—> ĕt, conj. adv. (42726) : and, and even; also, even; (et ... et = both ... and); — ĕt 
", ĕt,ĕt," and, and even; also, even; (et ... et = both ... and); ",---
9,"2,9",ut autem gustavit architriclinus aquam vinum factam et non sciebat unde esset ministri autem sciebant qui haurierant aquam vocat sponsum architriclinus,"non d 
",non,n41,"—> nōn, adv. neg. (21761) : not, by no means, no; [non modo ... sed etiam => not only ... but also]; — nōn 
", nōn,nōn," not, by no means, no; [non modo ... sed etiam => not only ... but also]; ",---
9,"2,9",ut autem gustavit architriclinus aquam vinum factam et non sciebat unde esset ministri autem sciebant qui haurierant aquam vocat sponsum architriclinus,"sciebat v1 
",sciebat,c (),"—> scĭo, is, ire, sciui, scitum (1648) : to know, understand; — scĭēbăt imperfect indicative active 3rd singular 
", scĭēbăt imperfect indicative active 3rd singular,scĭo," to know, understand; ",---
9,"2,9",ut autem gustavit architriclinus aquam vinum factam et non sciebat unde esset ministri autem sciebant qui haurierant aquam vocat sponsum architriclinus,"unde d 
",unde,v1,"—> ūndĕ, adv. interr. ou rel. (418) : from where, whence, from what or which place; from which; from whom; — ūndĕ 
", ūndĕ,ūndĕ," from where, whence, from what or which place; from which; from whom; ",---
9,"2,9",ut autem gustavit architriclinus aquam vinum factam et non sciebat unde esset ministri autem sciebant qui haurierant aquam vocat sponsum architriclinus,"esset v2 
",esset,p12,"—> sŭm, es, esse, fui (40916) : to be; to exist; (also used to form verb perfect passive tenses) with NOM PERF PPL — ēssĕt imperfect subjunctive active 3rd singular 
", ēssĕt imperfect subjunctive active 3rd singular,sŭm, to be; to exist; (also used to form verb perfect passive tenses) with NOM PERF PPL ,---
9,"2,9",ut autem gustavit architriclinus aquam vinum factam et non sciebat unde esset ministri autem sciebant qui haurierant aquam vocat sponsum architriclinus,"ministri n41
",ministri,n31,"—> mĭnīstĕr, tri, m. (141) : minister; — mĭnīstrī genitive singular 
", mĭnīstrī genitive singular,mĭnīstĕr, minister; ,---
9,"2,9",ut autem gustavit architriclinus aquam vinum factam et non sciebat unde esset ministri autem sciebant qui haurierant aquam vocat sponsum architriclinus,"autem c ()
",autem,v11,"—> āutĕm, conj. coord. (2095) : but (postpositive), on the other hand/contrary; while, however; moreover, also; — āutĕm 
", āutĕm,āutĕm," but (postpositive), on the other hand/contrary; while, however; moreover, also; ",---
9,"2,9",ut autem gustavit architriclinus aquam vinum factam et non sciebat unde esset ministri autem sciebant qui haurierant aquam vocat sponsum architriclinus,"sciebant v1 
",sciebant,n31 (w31),"—> scĭo, is, ire, sciui, scitum (1648) : to know, understand; — scĭēbānt imperfect indicative active 3rd plural 
", scĭēbānt imperfect indicative active 3rd plural,scĭo," to know, understand; ",---
9,"2,9",ut autem gustavit architriclinus aquam vinum factam et non sciebat unde esset ministri autem sciebant qui haurierant aquam vocat sponsum architriclinus,"qui p12
",qui,d (c ),"—> quī, quae, quod, pron. rel. (41601) : who; that; which, what; of which kind/degree; person/thing/time/point that — quī masculine nominative plural 
", quī masculine nominative plural,quī," who; that; which, what; of which kind/degree; person/thing/time/point that ",---
9,"2,9",ut autem gustavit architriclinus aquam vinum factam et non sciebat unde esset ministri autem sciebant qui haurierant aquam vocat sponsum architriclinus,haurierant : ,haurierant : ,v11,NON TROUVÉ,-,-,-,---
9,"2,9",ut autem gustavit architriclinus aquam vinum factam et non sciebat unde esset ministri autem sciebant qui haurierant aquam vocat sponsum architriclinus,"aquam n31
",aquam,p51,"—> ăqua, ae, f. (915) : water; sea, lake; river, stream; rain, rainfall (pl.), rainwater; spa; urine; — ăquăm accusative singular 
", ăquăm accusative singular,ăqua," water; sea, lake; river, stream; rain, rainfall (pl.), rainwater; spa; urine; ",---
9,"2,9",ut autem gustavit architriclinus aquam vinum factam et non sciebat unde esset ministri autem sciebant qui haurierant aquam vocat sponsum architriclinus,"vocat v11
",vocat,a11,"—> vŏco, as, are (1121) : to call, summon; to name; to call upon; — vŏcăt present indicative active 3rd singular 
", vŏcăt present indicative active 3rd singular,vŏco," to call, summon; to name; to call upon; ",---
9,"2,9",ut autem gustavit architriclinus aquam vinum factam et non sciebat unde esset ministri autem sciebant qui haurierant aquam vocat sponsum architriclinus,"sponsum n31 (w31)
",sponsum,n11,"—> spōnsus, i, m. (9) : contract; surety; bail; betrothal; — spōnsŭm accusative singular 
", spōnsŭm accusative singular,spōnsus, contract; surety; bail; betrothal; ,---
9,"2,9",ut autem gustavit architriclinus aquam vinum factam et non sciebat unde esset ministri autem sciebant qui haurierant aquam vocat sponsum architriclinus,architriclinus : ,architriclinus : ,a11 (a31),NON TROUVÉ,-,-,-,---
10,"2,10",et dicit ei omnis homo primum bonum vinum ponit et cum inebriati fuerint tunc id quod deterius est tu servasti bonum vinum usque adhuc,"et d (c )
",et,n11 (a31),"—> ĕt, conj. adv. (42726) : and, and even; also, even; (et ... et = both ... and); — ĕt 
", ĕt,ĕt," and, and even; also, even; (et ... et = both ... and); ",---
10,"2,10",et dicit ei omnis homo primum bonum vinum ponit et cum inebriati fuerint tunc id quod deterius est tu servasti bonum vinum usque adhuc,"dicit v11
",dicit,n11 (n31),"—> dīco, is, ere, dixi, dictum (7210) : to say, declare, state; to allege, declare positively; to assert; to plead (case); to mean; — dīcĭt present indicative active 3rd singular 
", dīcĭt present indicative active 3rd singular,dīco," to say, declare, state; to allege, declare positively; to assert; to plead (case); to mean; ",---
10,"2,10",et dicit ei omnis homo primum bonum vinum ponit et cum inebriati fuerint tunc id quod deterius est tu servasti bonum vinum usque adhuc,"ei p51
",ei,v11,"—> ĭs, ea, id, adj. et pron. (18209) : he/she/it/they (by GENDER/NUMBER); DEMONST that, he/she/it, they/them; — ĕī masculine dative singular 
", ĕī masculine dative singular,ĭs," he/she/it/they (by GENDER/NUMBER); DEMONST that, he/she/it, they/them; ",---
10,"2,10",et dicit ei omnis homo primum bonum vinum ponit et cum inebriati fuerint tunc id quod deterius est tu servasti bonum vinum usque adhuc,"omnis a11
",omnis,c,"—> ōmnĭs, e (2203) : all men (pl.), all persons; — ōmnĭs masculine nominative singular 
", ōmnĭs masculine nominative singular,ōmnĭs," all men (pl.), all persons; ",---
10,"2,10",et dicit ei omnis homo primum bonum vinum ponit et cum inebriati fuerint tunc id quod deterius est tu servasti bonum vinum usque adhuc,"homo n11
",homo,d,"—> hŏmō̆, minis, m. (4510) : man, human being, person, fellow; [novus homo => nouveau riche]; — hŏmō̆ nominative singular 
", hŏmō̆ nominative singular,hŏmō̆," man, human being, person, fellow; [novus homo => nouveau riche]; ",---
10,"2,10",et dicit ei omnis homo primum bonum vinum ponit et cum inebriati fuerint tunc id quod deterius est tu servasti bonum vinum usque adhuc,"primum a11 (a31)
",primum,w12 (w41),"—> prīmus, a, um (1719) : first, foremost/best, chief, principal; nearest/next — prīmŭm neuter nominative singular 
", prīmŭm neuter nominative singular,prīmus," first, foremost/best, chief, principal; nearest/next ",---
10,"2,10",et dicit ei omnis homo primum bonum vinum ponit et cum inebriati fuerint tunc id quod deterius est tu servasti bonum vinum usque adhuc,"bonum n11 (a31)
",bonum,v1 (v2 ),"—> bŏnum, i, n. (1349) : [en gén.] bien — bŏnŭm nominative singular 
", bŏnŭm nominative singular,bŏnum, [en gén.] bien ,---
10,"2,10",et dicit ei omnis homo primum bonum vinum ponit et cum inebriati fuerint tunc id quod deterius est tu servasti bonum vinum usque adhuc,"vinum n11 (n31)
",vinum,d,"—> vīnŭm, i, n. (470) : wine; — vīnŭm nominative singular 
", vīnŭm nominative singular,vīnŭm, wine; ,---
10,"2,10",et dicit ei omnis homo primum bonum vinum ponit et cum inebriati fuerint tunc id quod deterius est tu servasti bonum vinum usque adhuc,"ponit v11
",ponit,a11,"—> pōno, is, ere, posui, situm (1263) : - to put/place/set; to station/post (troops); to pitch (camp); to situate; to set up; to erect; to bury; - to put/lay down (load/arms), take off (clothes); to shed (leaves); to cut (nails); — pōnĭt present indicative active 3rd singular 
", pōnĭt present indicative active 3rd singular,pōno," - to put/place/set; to station/post (troops); to pitch (camp); to situate; to set up; to erect; to bury; - to put/lay down (load/arms), take off (clothes); to shed (leaves); to cut (nails); ",---
10,"2,10",et dicit ei omnis homo primum bonum vinum ponit et cum inebriati fuerint tunc id quod deterius est tu servasti bonum vinum usque adhuc,"et c 
",et,c (),"—> ĕt, conj. adv. (42726) : and, and even; also, even; (et ... et = both ... and); — ĕt 
", ĕt,ĕt," and, and even; also, even; (et ... et = both ... and); ",---
10,"2,10",et dicit ei omnis homo primum bonum vinum ponit et cum inebriati fuerint tunc id quod deterius est tu servasti bonum vinum usque adhuc,"cum d 
",cum,a,"—> cŭm, quŏm, quŭm, prép. + abl. et adv. (5910) : with, together/jointly/along/simultaneous with, amid; supporting; attached; — cŭm 
", cŭm,cŭm," with, together/jointly/along/simultaneous with, amid; supporting; attached; ",---
10,"2,10",et dicit ei omnis homo primum bonum vinum ponit et cum inebriati fuerint tunc id quod deterius est tu servasti bonum vinum usque adhuc,"inebriati w12 (w41)
",inebriati,v11 (),"—> ĭnēbrĭo, as, are (3) : to make drunk, inebriate — ĭnēbrĭātī participle perfect passive masculine nominative plural 
", ĭnēbrĭātī participle perfect passive masculine nominative plural,ĭnēbrĭo," to make drunk, inebriate ",---
10,"2,10",et dicit ei omnis homo primum bonum vinum ponit et cum inebriati fuerint tunc id quod deterius est tu servasti bonum vinum usque adhuc,"fuerint v1 (v2 )
",fuerint,p11 (),"—> sŭm, es, esse, fui (40916) : to be; to exist; (also used to form verb perfect passive tenses) with NOM PERF PPL — fŭĕrīnt future perfect indicative active 3rd plural 
", fŭĕrīnt future perfect indicative active 3rd plural,sŭm, to be; to exist; (also used to form verb perfect passive tenses) with NOM PERF PPL ,FUTUR
10,"2,10",et dicit ei omnis homo primum bonum vinum ponit et cum inebriati fuerint tunc id quod deterius est tu servasti bonum vinum usque adhuc,"tunc d 
",tunc,v1,"—> tūnc, adv. (584) : then, thereupon, at that time; — tūnc 
", tūnc,tūnc," then, thereupon, at that time; ",---
10,"2,10",et dicit ei omnis homo primum bonum vinum ponit et cum inebriati fuerint tunc id quod deterius est tu servasti bonum vinum usque adhuc,"id a11
",id,n11 (a31),"—> ĭs, ea, id, adj. et pron. (18209) : he/she/it/they (by GENDER/NUMBER); DEMONST that, he/she/it, they/them; — ĭd neuter nominative singular 
", ĭd neuter nominative singular,ĭs," he/she/it/they (by GENDER/NUMBER); DEMONST that, he/she/it, they/them; ",---
10,"2,10",et dicit ei omnis homo primum bonum vinum ponit et cum inebriati fuerint tunc id quod deterius est tu servasti bonum vinum usque adhuc,"quod c ()
",quod,n11 (n31),"—> quŏd, conj. sub. (3725) : That, in that, because; Wherefore, why, that — quŏd 
", quŏd,quŏd," That, in that, because; Wherefore, why, that ",---
10,"2,10",et dicit ei omnis homo primum bonum vinum ponit et cum inebriati fuerint tunc id quod deterius est tu servasti bonum vinum usque adhuc,"deterius a 
",deterius,r,"—> dētĕrĭŭs, cf. deterior : lower, worse, poorer, meaner; less favorable; weaker; degenerate — dētĕrĭŭs 
", dētĕrĭŭs,dētĕrĭŭs," lower, worse, poorer, meaner; less favorable; weaker; degenerate ",---
10,"2,10",et dicit ei omnis homo primum bonum vinum ponit et cum inebriati fuerint tunc id quod deterius est tu servasti bonum vinum usque adhuc,"est v11 ()
",est,d,"—> sŭm, es, esse, fui (40916) : to be; to exist; (also used to form verb perfect passive tenses) with NOM PERF PPL — ēst present indicative active 3rd singular 
", ēst present indicative active 3rd singular,sŭm, to be; to exist; (also used to form verb perfect passive tenses) with NOM PERF PPL ,---
10,"2,10",et dicit ei omnis homo primum bonum vinum ponit et cum inebriati fuerint tunc id quod deterius est tu servasti bonum vinum usque adhuc,"tu p11 ()
",tu,p11 (a61),"—> tū, tui, sing. pron. (13016) : you (sing.); thou/thine/thee/thy (PERS); yourself/thyself (REFLEX); — tū masculine nominative singular 
", tū masculine nominative singular,tū, you (sing.); thou/thine/thee/thy (PERS); yourself/thyself (REFLEX); ,---
10,"2,10",et dicit ei omnis homo primum bonum vinum ponit et cum inebriati fuerint tunc id quod deterius est tu servasti bonum vinum usque adhuc,"servasti v1 
",servasti,v1,"—> sērvo, as, are (708) : to watch over; to protect, store, keep, guard, preserve, save; — sērvāstī perfect indicative active 2nd singular 
", sērvāstī perfect indicative active 2nd singular,sērvo," to watch over; to protect, store, keep, guard, preserve, save; ",---
10,"2,10",et dicit ei omnis homo primum bonum vinum ponit et cum inebriati fuerint tunc id quod deterius est tu servasti bonum vinum usque adhuc,"bonum n11 (a31)
",bonum,n11 (n31),"—> bŏnum, i, n. (1349) : [en gén.] bien — bŏnŭm nominative singular 
", bŏnŭm nominative singular,bŏnum, [en gén.] bien ,---
10,"2,10",et dicit ei omnis homo primum bonum vinum ponit et cum inebriati fuerint tunc id quod deterius est tu servasti bonum vinum usque adhuc,"vinum n11 (n31)
",vinum,n42,"—> vīnŭm, i, n. (470) : wine; — vīnŭm nominative singular 
", vīnŭm nominative singular,vīnŭm, wine; ,---
10,"2,10",et dicit ei omnis homo primum bonum vinum ponit et cum inebriati fuerint tunc id quod deterius est tu servasti bonum vinum usque adhuc,"usque r 
",usque,n11,"—> ūsquĕ, prép. + acc. (598) : up to (name of town or locality); — ūsquĕ 
", ūsquĕ,ūsquĕ, up to (name of town or locality); ,---
10,"2,10",et dicit ei omnis homo primum bonum vinum ponit et cum inebriati fuerint tunc id quod deterius est tu servasti bonum vinum usque adhuc,"adhuc d 
",adhuc,r,"—> ădhūc, ădhoc, adv. (591) : thus far, till now, to this point; hitherto; yet, as yet; still; besides; — ădhūc 
", ădhūc,ădhūc," thus far, till now, to this point; hitherto; yet, as yet; still; besides; ",---
11,"2,11",hoc fecit initium signorum Iesus in Cana Galilaeae et manifestavit gloriam suam et crediderunt in eum discipuli eius,"hoc p11 (a61)
",hoc,a61 (a11),"—> hīc, haec, hoc, adj. pron. (20391) : this; these — hōc neuter nominative singular 
", hōc neuter nominative singular,hīc, this; these ,---
11,"2,11",hoc fecit initium signorum Iesus in Cana Galilaeae et manifestavit gloriam suam et crediderunt in eum discipuli eius,"fecit v1 
",fecit,d (c ),"—> făcĭo, is, ere, feci, factum (5766) : to make/build/construct/create/cause/do; to have built/made; to fashion; to work (metal); — fēcĭt perfect indicative active 3rd singular 
", fēcĭt perfect indicative active 3rd singular,făcĭo, to make/build/construct/create/cause/do; to have built/made; to fashion; to work (metal); ,---
11,"2,11",hoc fecit initium signorum Iesus in Cana Galilaeae et manifestavit gloriam suam et crediderunt in eum discipuli eius,"initium n11 (n31)
",initium,n31,"—> ĭnĭtĭŭm, ii, n. (332) : beginning, commencement; entrance; [ab initio => from the beginning]; — ĭnĭtĭŭm nominative singular 
", ĭnĭtĭŭm nominative singular,ĭnĭtĭŭm," beginning, commencement; entrance; [ab initio => from the beginning]; ",---
11,"2,11",hoc fecit initium signorum Iesus in Cana Galilaeae et manifestavit gloriam suam et crediderunt in eum discipuli eius,"signorum n42
",signorum,p31,"—> sīgnŭm, i, n. (877) : battle standard; indication; seal; sign, proof; signal; image, statue; — sīgnōrŭm genitive plural 
", sīgnōrŭm genitive plural,sīgnŭm," battle standard; indication; seal; sign, proof; signal; image, statue; ",---
11,"2,11",hoc fecit initium signorum Iesus in Cana Galilaeae et manifestavit gloriam suam et crediderunt in eum discipuli eius,"Iesus n11
",Iesus,d (c ),"—> Jēsūs, npr. m. : Jésus — Jēsūs nominative singular 
", Jēsūs nominative singular,Jēsūs, Jésus ,---
11,"2,11",hoc fecit initium signorum Iesus in Cana Galilaeae et manifestavit gloriam suam et crediderunt in eum discipuli eius,"in r 
",in,v1,"—> ĭn, īndŭ, prép. + acc. ou + abl. (30083) : in, into, on — ĭn 
", ĭn,ĭn," in, into, on ",---
11,"2,11",hoc fecit initium signorum Iesus in Cana Galilaeae et manifestavit gloriam suam et crediderunt in eum discipuli eius,"Cana a61 (a11)
",Cana,r,"—> cānus, a, um (78) : white, gray; aged, old, wise; hoary; foamy, white-capped; white w/snow/frost; — cānā feminine ablative singular 
", cānā feminine ablative singular,cānus," white, gray; aged, old, wise; hoary; foamy, white-capped; white w/snow/frost; ",---
11,"2,11",hoc fecit initium signorum Iesus in Cana Galilaeae et manifestavit gloriam suam et crediderunt in eum discipuli eius,Galilaeae : ,Galilaeae : ,p31,NON TROUVÉ,-,-,-,---
11,"2,11",hoc fecit initium signorum Iesus in Cana Galilaeae et manifestavit gloriam suam et crediderunt in eum discipuli eius,"et d (c )
",et,n41,"—> ĕt, conj. adv. (42726) : and, and even; also, even; (et ... et = both ... and); — ĕt 
", ĕt,ĕt," and, and even; also, even; (et ... et = both ... and); ",---
11,"2,11",hoc fecit initium signorum Iesus in Cana Galilaeae et manifestavit gloriam suam et crediderunt in eum discipuli eius,manifestavit : ,manifestavit : ,a41,NON TROUVÉ,-,-,-,---
11,"2,11",hoc fecit initium signorum Iesus in Cana Galilaeae et manifestavit gloriam suam et crediderunt in eum discipuli eius,"gloriam n31
",gloriam,d,"—> glōrĭa, ae, f. (798) : glory, fame; ambition; renown; vainglory, boasting; — glōrĭăm accusative singular 
", glōrĭăm accusative singular,glōrĭa," glory, fame; ambition; renown; vainglory, boasting; ",---
11,"2,11",hoc fecit initium signorum Iesus in Cana Galilaeae et manifestavit gloriam suam et crediderunt in eum discipuli eius,"suam p31
",suam,p11 (a61),"—> sŭus, a, um, adj. et pron. (7170) : his/one's (own), her (own), hers, its (own); (pl.) their (own), theirs; — sŭăm feminine accusative singular 
", sŭăm feminine accusative singular,sŭus," his/one's (own), her (own), hers, its (own); (pl.) their (own), theirs; ",---
11,"2,11",hoc fecit initium signorum Iesus in Cana Galilaeae et manifestavit gloriam suam et crediderunt in eum discipuli eius,"et d (c )
",et,v11,"—> ĕt, conj. adv. (42726) : and, and even; also, even; (et ... et = both ... and); — ĕt 
", ĕt,ĕt," and, and even; also, even; (et ... et = both ... and); ",---
11,"2,11",hoc fecit initium signorum Iesus in Cana Galilaeae et manifestavit gloriam suam et crediderunt in eum discipuli eius,"crediderunt v1 
",crediderunt,p11,"—> crēdo, is, ere, didi, ditum (1822) : - to trust, entrust; to commit/consign; to believe, trust in, rely on, confide; to suppose; sure; — crēdĭdērūnt perfect indicative active 3rd plural 
", crēdĭdērūnt perfect indicative active 3rd plural,crēdo," - to trust, entrust; to commit/consign; to believe, trust in, rely on, confide; to suppose; sure; ",---
11,"2,11",hoc fecit initium signorum Iesus in Cana Galilaeae et manifestavit gloriam suam et crediderunt in eum discipuli eius,"in r 
",in,d (c ),"—> ĭn, īndŭ, prép. + acc. ou + abl. (30083) : in, into, on — ĭn 
", ĭn,ĭn," in, into, on ",---
11,"2,11",hoc fecit initium signorum Iesus in Cana Galilaeae et manifestavit gloriam suam et crediderunt in eum discipuli eius,"eum p31
",eum,n11,"—> ĭs, ea, id, adj. et pron. (18209) : he/she/it/they (by GENDER/NUMBER); DEMONST that, he/she/it, they/them; — ĕŭm masculine accusative singular 
", ĕŭm masculine accusative singular,ĭs," he/she/it/they (by GENDER/NUMBER); DEMONST that, he/she/it, they/them; ",---
11,"2,11",hoc fecit initium signorum Iesus in Cana Galilaeae et manifestavit gloriam suam et crediderunt in eum discipuli eius,"discipuli n41
",discipuli,p41 (a41),"—> dīscĭpŭlus, i, m. (50) : student, pupil, trainee; follower, disciple; — dīscĭpŭlī genitive singular 
", dīscĭpŭlī genitive singular,dīscĭpŭlus," student, pupil, trainee; follower, disciple; ",---
11,"2,11",hoc fecit initium signorum Iesus in Cana Galilaeae et manifestavit gloriam suam et crediderunt in eum discipuli eius,"eius a41
",eius,d (c ),"—> ĭs, ea, id, adj. et pron. (18209) : he/she/it/they (by GENDER/NUMBER); DEMONST that, he/she/it, they/them; — ējŭs masculine genitive singular 
", ējŭs masculine genitive singular,ĭs," he/she/it/they (by GENDER/NUMBER); DEMONST that, he/she/it, they/them; ",---
12,"2,12",post hoc descendit Capharnaum ipse et mater eius et fratres eius et discipuli eius et ibi manserunt non multis diebus,"post d 
",post,n32,"—> pōst, adv, prép. + acc. (1274) : behind (space), after (time); subordinate to (rank); — pōst 
", pōst,pōst," behind (space), after (time); subordinate to (rank); ",---
12,"2,12",post hoc descendit Capharnaum ipse et mater eius et fratres eius et discipuli eius et ibi manserunt non multis diebus,"hoc p11 (a61)
",hoc,p41 (a41),"—> hīc, haec, hoc, adj. pron. (20391) : this; these — hōc neuter nominative singular 
", hōc neuter nominative singular,hīc, this; these ,---
12,"2,12",post hoc descendit Capharnaum ipse et mater eius et fratres eius et discipuli eius et ibi manserunt non multis diebus,"descendit v11
",descendit,d (c ),"—> dēscēndo, is, ere, di, sum (227) : to descend, climb/march/come/go/flow/run/hang down; to dismount; to penetrate/sink; — dēscēndĭt present indicative active 3rd singular 
", dēscēndĭt present indicative active 3rd singular,dēscēndo," to descend, climb/march/come/go/flow/run/hang down; to dismount; to penetrate/sink; ",---
12,"2,12",post hoc descendit Capharnaum ipse et mater eius et fratres eius et discipuli eius et ibi manserunt non multis diebus,Capharnaum : ,Capharnaum : ,n41,NON TROUVÉ,-,-,-,---
12,"2,12",post hoc descendit Capharnaum ipse et mater eius et fratres eius et discipuli eius et ibi manserunt non multis diebus,"ipse p11
",ipse,a41,"—> īpsĕ, ipsa, ipsum, pron. (7890) : himself/herself/itself; the very/real/actual one; in person; themselves (pl.); — īpsĕ masculine nominative singular 
", īpsĕ masculine nominative singular,īpsĕ, himself/herself/itself; the very/real/actual one; in person; themselves (pl.); ,---
12,"2,12",post hoc descendit Capharnaum ipse et mater eius et fratres eius et discipuli eius et ibi manserunt non multis diebus,"et d (c )
",et,c,"—> ĕt, conj. adv. (42726) : and, and even; also, even; (et ... et = both ... and); — ĕt 
", ĕt,ĕt," and, and even; also, even; (et ... et = both ... and); ",---
12,"2,12",post hoc descendit Capharnaum ipse et mater eius et fratres eius et discipuli eius et ibi manserunt non multis diebus,"mater n11
",mater,d,"—> mātĕr, tris, f. (992) : mother, foster mother; lady, matron; origin, source, motherland, mother city; — mātĕr nominative singular 
", mātĕr nominative singular,mātĕr," mother, foster mother; lady, matron; origin, source, motherland, mother city; ",---
12,"2,12",post hoc descendit Capharnaum ipse et mater eius et fratres eius et discipuli eius et ibi manserunt non multis diebus,"eius p41 (a41)
",eius,v1,"—> ĭs, ea, id, adj. et pron. (18209) : he/she/it/they (by GENDER/NUMBER); DEMONST that, he/she/it, they/them; — ējŭs masculine genitive singular 
", ējŭs masculine genitive singular,ĭs," he/she/it/they (by GENDER/NUMBER); DEMONST that, he/she/it, they/them; ",---
12,"2,12",post hoc descendit Capharnaum ipse et mater eius et fratres eius et discipuli eius et ibi manserunt non multis diebus,"et d (c )
",et,d,"—> ĕt, conj. adv. (42726) : and, and even; also, even; (et ... et = both ... and); — ĕt 
", ĕt,ĕt," and, and even; also, even; (et ... et = both ... and); ",---
12,"2,12",post hoc descendit Capharnaum ipse et mater eius et fratres eius et discipuli eius et ibi manserunt non multis diebus,"fratres n32
",fratres,a62,"—> frātĕr, tris, m. (901) : brother; cousin; — frātrēs accusative plural 
", frātrēs accusative plural,frātĕr, brother; cousin; ,---
12,"2,12",post hoc descendit Capharnaum ipse et mater eius et fratres eius et discipuli eius et ibi manserunt non multis diebus,"eius p41 (a41)
",eius,n62,"—> ĭs, ea, id, adj. et pron. (18209) : he/she/it/they (by GENDER/NUMBER); DEMONST that, he/she/it, they/them; — ējŭs masculine genitive singular 
", ējŭs masculine genitive singular,ĭs," he/she/it/they (by GENDER/NUMBER); DEMONST that, he/she/it, they/them; ",---
12,"2,12",post hoc descendit Capharnaum ipse et mater eius et fratres eius et discipuli eius et ibi manserunt non multis diebus,"et d (c )
",et,c,"—> ĕt, conj. adv. (42726) : and, and even; also, even; (et ... et = both ... and); — ĕt 
", ĕt,ĕt," and, and even; also, even; (et ... et = both ... and); ",---
12,"2,12",post hoc descendit Capharnaum ipse et mater eius et fratres eius et discipuli eius et ibi manserunt non multis diebus,"discipuli n41
",discipuli,d,"—> dīscĭpŭlus, i, m. (50) : student, pupil, trainee; follower, disciple; — dīscĭpŭlī genitive singular 
", dīscĭpŭlī genitive singular,dīscĭpŭlus," student, pupil, trainee; follower, disciple; ",---
12,"2,12",post hoc descendit Capharnaum ipse et mater eius et fratres eius et discipuli eius et ibi manserunt non multis diebus,"eius a41
",eius,v1 (),"—> ĭs, ea, id, adj. et pron. (18209) : he/she/it/they (by GENDER/NUMBER); DEMONST that, he/she/it, they/them; — ējŭs masculine genitive singular 
", ējŭs masculine genitive singular,ĭs," he/she/it/they (by GENDER/NUMBER); DEMONST that, he/she/it, they/them; ",---
12,"2,12",post hoc descendit Capharnaum ipse et mater eius et fratres eius et discipuli eius et ibi manserunt non multis diebus,"et c 
",et,n42,"—> ĕt, conj. adv. (42726) : and, and even; also, even; (et ... et = both ... and); — ĕt 
", ĕt,ĕt," and, and even; also, even; (et ... et = both ... and); ",---
12,"2,12",post hoc descendit Capharnaum ipse et mater eius et fratres eius et discipuli eius et ibi manserunt non multis diebus,"ibi d 
",ibi,c,"—> ĭbĭ, adv. (587) : there, in that place; thereupon; — ĭbĭ 
", ĭbĭ,ĭbĭ," there, in that place; thereupon; ",---
12,"2,12",post hoc descendit Capharnaum ipse et mater eius et fratres eius et discipuli eius et ibi manserunt non multis diebus,"manserunt v1 
",manserunt,v11,"—> mănĕo, es, ere, mansi, mansum (609) : to remain, stay, abide; to wait for; to continue, endure, last; to spend the night — mānsērūnt perfect indicative active 3rd plural 
", mānsērūnt perfect indicative active 3rd plural,mănĕo," to remain, stay, abide; to wait for; to continue, endure, last; to spend the night ",---
12,"2,12",post hoc descendit Capharnaum ipse et mater eius et fratres eius et discipuli eius et ibi manserunt non multis diebus,"non d 
",non,n11 (n32),"—> nōn, adv. neg. (21761) : not, by no means, no; [non modo ... sed etiam => not only ... but also]; — nōn 
", nōn,nōn," not, by no means, no; [non modo ... sed etiam => not only ... but also]; ",---
12,"2,12",post hoc descendit Capharnaum ipse et mater eius et fratres eius et discipuli eius et ibi manserunt non multis diebus,"multis a62
",multis,n11,"—> mūltus, a, um (4547) : much, many, great; large, intense, assiduous; tedious; — mūltīs masculine ablative plural 
", mūltīs masculine ablative plural,mūltus," much, many, great; large, intense, assiduous; tedious; ",---
12,"2,12",post hoc descendit Capharnaum ipse et mater eius et fratres eius et discipuli eius et ibi manserunt non multis diebus,,,,,,,,
13,"2,13",et prope erat pascha Iudaeorum et ascendit Hierosolyma Iesus,,,,,,,,
13,"2,13",et prope erat pascha Iudaeorum et ascendit Hierosolyma Iesus,,,,,,,,
13,"2,13",et prope erat pascha Iudaeorum et ascendit Hierosolyma Iesus,,,,,,,,
13,"2,13",et prope erat pascha Iudaeorum et ascendit Hierosolyma Iesus,,,,,,,,
13,"2,13",et prope erat pascha Iudaeorum et ascendit Hierosolyma Iesus,,,,,,,,
13,"2,13",et prope erat pascha Iudaeorum et ascendit Hierosolyma Iesus,,,,,,,,
13,"2,13",et prope erat pascha Iudaeorum et ascendit Hierosolyma Iesus,,,,,,,,
13,"2,13",et prope erat pascha Iudaeorum et ascendit Hierosolyma Iesus,,,,,,,,
13,"2,13",et prope erat pascha Iudaeorum et ascendit Hierosolyma Iesus,,,,,,,,
