ID,Satznummer,Satz,Token,Token_clean,pos_Tag,Annotation,MorphAnno,Lemma,Translation,Futur
1,"4,35",et ait illis illa die cum sero esset factum transeamus contra,"et d (c )
",et,d (c ),"—> ĕt, conj. adv. (42726) : and, and even; also, even; (et ... et = both ... and); — ĕt 
", ĕt,ĕt," and, and even; also, even; (et ... et = both ... and); ",---
1,"4,35",et ait illis illa die cum sero esset factum transeamus contra,"ait v11
",ait,v11,"—> ājo, is, - (692) : he says (ait), it is said; they say (aiunt); — āĭt present indicative active 3rd singular 
", āĭt present indicative active 3rd singular,ājo," he says (ait), it is said; they say (aiunt); ",---
1,"4,35",et ait illis illa die cum sero esset factum transeamus contra,"illis p52 (p62)
",illis,p52 (p62),"—> īllĕ, illa, illud, pron. (14503) : that; those (pl.); also DEMONST; that person/thing; the well known; the former; — īllīs masculine dative plural 
", īllīs masculine dative plural,īllĕ, that; those (pl.); also DEMONST; that person/thing; the well known; the former; ,---
1,"4,35",et ait illis illa die cum sero esset factum transeamus contra,"illa p11
",illa,p11,"—> īllĕ, illa, illud, pron. (14503) : that; those (pl.); also DEMONST; that person/thing; the well known; the former; — īllă feminine nominative singular 
", īllă feminine nominative singular,īllĕ, that; those (pl.); also DEMONST; that person/thing; the well known; the former; ,---
1,"4,35",et ait illis illa die cum sero esset factum transeamus contra,"die n61
",die,n61,"—> dĭes, ei, m. et f. (2928) : day; daylight; (sunlit hours); (24 hours from midnight); open sky; weather; — dĭē ablative singular 
", dĭē ablative singular,dĭes, day; daylight; (sunlit hours); (24 hours from midnight); open sky; weather; ,---
1,"4,35",et ait illis illa die cum sero esset factum transeamus contra,"cum r (d )
",cum,r (d ),"—> cŭm, quŏm, quŭm, prép. + abl. et adv. (5910) : with, together/jointly/along/simultaneous with, amid; supporting; attached; — cŭm 
", cŭm,cŭm," with, together/jointly/along/simultaneous with, amid; supporting; attached; ",---
1,"4,35",et ait illis illa die cum sero esset factum transeamus contra,"sero a61 (v11)
",sero,a61 (v11),"—> sērus, a, um (125) : late; too late; slow, tardy; after the expected/proper time; at a late hour; — sērō masculine ablative singular 
", sērō masculine ablative singular,sērus," late; too late; slow, tardy; after the expected/proper time; at a late hour; ",---
1,"4,35",et ait illis illa die cum sero esset factum transeamus contra,"esset v2 
",esset,v2,"—> sŭm, es, esse, fui (40916) : to be; to exist; (also used to form verb perfect passive tenses) with NOM PERF PPL — ēssĕt imperfect subjunctive active 3rd singular 
", ēssĕt imperfect subjunctive active 3rd singular,sŭm, to be; to exist; (also used to form verb perfect passive tenses) with NOM PERF PPL ,---
1,"4,35",et ait illis illa die cum sero esset factum transeamus contra,"factum n11 (w31)
",factum,n11 (w31),"—> fāctŭm, i, n. (592) : fact, deed, act; achievement; — fāctŭm nominative singular 
", fāctŭm nominative singular,fāctŭm," fact, deed, act; achievement; ",---
1,"4,35",et ait illis illa die cum sero esset factum transeamus contra,"transeamus v21
",transeamus,v21,"—> trānsĕo, is, ire, ii, itum (456) : to go over, cross; — trānsĕāmŭs present subjunctive active 1st plural 
", trānsĕāmŭs present subjunctive active 1st plural,trānsĕo," to go over, cross; ",---
1,"4,35",et ait illis illa die cum sero esset factum transeamus contra,"contra d (r )
",contra,d (r ),"—> cōntrā, adv. (458) : against, facing, opposite; weighed against; as against; in resistance/reply - contrary to, not in conformance with; the reverse of; otherwise than; — cōntrā 
", cōntrā,cōntrā," against, facing, opposite; weighed against; as against; in resistance/reply - contrary to, not in conformance with; the reverse of; otherwise than; ",---
2,"4,36",et dimittentes turbam adsumunt eum ita ut erat in navi et aliae naves erant cum illo,"et d (c )
",et,d (c ),"—> ĕt, conj. adv. (42726) : and, and even; also, even; (et ... et = both ... and); — ĕt 
", ĕt,ĕt," and, and even; also, even; (et ... et = both ... and); ",---
2,"4,36",et dimittentes turbam adsumunt eum ita ut erat in navi et aliae naves erant cum illo,"dimittentes w12 (w32)
",dimittentes,w12 (w32),"—> dīmītto, is, ere, misi, missum (359) : - to send away/off; to allow to go, let go/off; to disband, discharge, dismiss - to dissolve (assembly); to part with; to put away; to divorce; to pay off, settle (debt); - to discontinue, renounce, abandon/forsake, forgo, give up (activity); to dispatch; — dīmīttēntēs participle present active masculine nominative plural 
", dīmīttēntēs participle present active masculine nominative plural,dīmītto," - to send away/off; to allow to go, let go/off; to disband, discharge, dismiss - to dissolve (assembly); to part with; to put away; to divorce; to pay off, settle (debt); - to discontinue, renounce, abandon/forsake, forgo, give up (activity); to dispatch; ",---
2,"4,36",et dimittentes turbam adsumunt eum ita ut erat in navi et aliae naves erant cum illo,"turbam n31
",turbam,n31,"—> tūrba, ae, f. (489) : commotion, uproar, turmoil, tumult, disturbance; crowd, mob, multitude; — tūrbăm accusative singular 
", tūrbăm accusative singular,tūrba," commotion, uproar, turmoil, tumult, disturbance; crowd, mob, multitude; ",---
2,"4,36",et dimittentes turbam adsumunt eum ita ut erat in navi et aliae naves erant cum illo,"adsumunt v11
",adsumunt,v11,"—> ādsūmo, is, ere, sumpsi, sumptum (93) : to take (to/up/on/from), to adopt/raise, use; to assume/receive; to insert/add; to usurp — ādsūmūnt present indicative active 3rd plural 
", ādsūmūnt present indicative active 3rd plural,ādsūmo," to take (to/up/on/from), to adopt/raise, use; to assume/receive; to insert/add; to usurp ",---
2,"4,36",et dimittentes turbam adsumunt eum ita ut erat in navi et aliae naves erant cum illo,"eum p31
",eum,p31,"—> ĭs, ea, id, adj. et pron. (18209) : he/she/it/they (by GENDER/NUMBER); DEMONST that, he/she/it, they/them; — ĕŭm masculine accusative singular 
", ĕŭm masculine accusative singular,ĭs," he/she/it/they (by GENDER/NUMBER); DEMONST that, he/she/it, they/them; ",---
2,"4,36",et dimittentes turbam adsumunt eum ita ut erat in navi et aliae naves erant cum illo,"ita d (v31)
",ita,d (v31),"—> ĭtā, adv. (2861) : thus, so; therefore; — ĭtā 
", ĭtā,ĭtā," thus, so; therefore; ",---
2,"4,36",et dimittentes turbam adsumunt eum ita ut erat in navi et aliae naves erant cum illo,"ut c ()
",ut,c (),"—> ŭt, ŭtŭt, conj. sub. + ind. ou subj. (10753) : to (+ subjunctive), in order that/to; how, as, when, while; even if; — ŭt 
", ŭt,ŭt," to (+ subjunctive), in order that/to; how, as, when, while; even if; ",---
2,"4,36",et dimittentes turbam adsumunt eum ita ut erat in navi et aliae naves erant cum illo,"erat v1 ()
",erat,v1 (),"—> sŭm, es, esse, fui (40916) : to be; to exist; (also used to form verb perfect passive tenses) with NOM PERF PPL — ĕrăt imperfect indicative active 3rd singular 
", ĕrăt imperfect indicative active 3rd singular,sŭm, to be; to exist; (also used to form verb perfect passive tenses) with NOM PERF PPL ,---
2,"4,36",et dimittentes turbam adsumunt eum ita ut erat in navi et aliae naves erant cum illo,"in r 
",in,r,"—> ĭn, īndŭ, prép. + acc. ou + abl. (30083) : in, into, on — ĭn 
", ĭn,ĭn," in, into, on ",---
2,"4,36",et dimittentes turbam adsumunt eum ita ut erat in navi et aliae naves erant cum illo,"navi n61
",navi,n61,"—> nāvĭs, is, f. (941) : ship; [navis longa => galley, battleship; ~ oneraria => transport/cargo ship]; — nāvī ablative singular 
", nāvī ablative singular,nāvĭs," ship; [navis longa => galley, battleship; ~ oneraria => transport/cargo ship]; ",---
2,"4,36",et dimittentes turbam adsumunt eum ita ut erat in navi et aliae naves erant cum illo,"et c 
",et,c,"—> ĕt, conj. adv. (42726) : and, and even; also, even; (et ... et = both ... and); — ĕt 
", ĕt,ĕt," and, and even; also, even; (et ... et = both ... and); ",---
2,"4,36",et dimittentes turbam adsumunt eum ita ut erat in navi et aliae naves erant cum illo,"aliae p12
",aliae,p12,"—> ălĭus, a, ud, pron. (4524) : the_one ... the_other (alius ... alius); — ălĭāe feminine nominative plural 
", ălĭāe feminine nominative plural,ălĭus, the_one ... the_other (alius ... alius); ,---
2,"4,36",et dimittentes turbam adsumunt eum ita ut erat in navi et aliae naves erant cum illo,"naves n12 (n32)
",naves,n12 (n32),"—> nāvĭs, is, f. (941) : ship; [navis longa => galley, battleship; ~ oneraria => transport/cargo ship]; — nāvēs nominative plural 
", nāvēs nominative plural,nāvĭs," ship; [navis longa => galley, battleship; ~ oneraria => transport/cargo ship]; ",---
2,"4,36",et dimittentes turbam adsumunt eum ita ut erat in navi et aliae naves erant cum illo,"erant v1 ()
",erant,v1 (),"—> sŭm, es, esse, fui (40916) : to be; to exist; (also used to form verb perfect passive tenses) with NOM PERF PPL — ĕrānt imperfect indicative active 3rd plural 
", ĕrānt imperfect indicative active 3rd plural,sŭm, to be; to exist; (also used to form verb perfect passive tenses) with NOM PERF PPL ,---
2,"4,36",et dimittentes turbam adsumunt eum ita ut erat in navi et aliae naves erant cum illo,"cum r (d )
",cum,r (d ),"—> cŭm, quŏm, quŭm, prép. + abl. et adv. (5910) : with, together/jointly/along/simultaneous with, amid; supporting; attached; — cŭm 
", cŭm,cŭm," with, together/jointly/along/simultaneous with, amid; supporting; attached; ",---
2,"4,36",et dimittentes turbam adsumunt eum ita ut erat in navi et aliae naves erant cum illo,"illo p61
",illo,p61,"—> īllĕ, illa, illud, pron. (14503) : that; those (pl.); also DEMONST; that person/thing; the well known; the former; — īllō masculine ablative singular 
", īllō masculine ablative singular,īllĕ, that; those (pl.); also DEMONST; that person/thing; the well known; the former; ,---
3,"4,37",et facta est procella magna venti et fluctus mittebat in navem ita ut impleretur navis,"et d (c )
",et,d (c ),"—> ĕt, conj. adv. (42726) : and, and even; also, even; (et ... et = both ... and); — ĕt 
", ĕt,ĕt," and, and even; also, even; (et ... et = both ... and); ",---
3,"4,37",et facta est procella magna venti et fluctus mittebat in navem ita ut impleretur navis,"facta w11
",facta,w11,"—> fīo, is, fieri, factus sum (2067) : to happen, come about; to result (from); to take place, be held, occur, arise (event); to develop; — fāctă participle perfect passive feminine nominative singular 
", fāctă participle perfect passive feminine nominative singular,fīo," to happen, come about; to result (from); to take place, be held, occur, arise (event); to develop; ",---
3,"4,37",et facta est procella magna venti et fluctus mittebat in navem ita ut impleretur navis,"est v11 ()
",est,v11 (),"—> sŭm, es, esse, fui (40916) : to be; to exist; (also used to form verb perfect passive tenses) with NOM PERF PPL — ēst present indicative active 3rd singular 
", ēst present indicative active 3rd singular,sŭm, to be; to exist; (also used to form verb perfect passive tenses) with NOM PERF PPL ,---
3,"4,37",et facta est procella magna venti et fluctus mittebat in navem ita ut impleretur navis,"procella n11 (n61)
",procella,n11 (n61),"—> prŏcēlla, ae, f. (73) : storm, gale; tumult, commotion; — prŏcēllă nominative singular 
", prŏcēllă nominative singular,prŏcēlla," storm, gale; tumult, commotion; ",---
3,"4,37",et facta est procella magna venti et fluctus mittebat in navem ita ut impleretur navis,"magna a11
",magna,a11,"—> māgnus, a, um (6056) : - large/great/big/vast/huge; much; powerful; tall/long/broad; extensive/ - great (achievement); mighty; distinguished; skilled; bold/confident; proud; — māgnă feminine nominative singular 
", māgnă feminine nominative singular,māgnus, - large/great/big/vast/huge; much; powerful; tall/long/broad; extensive/ - great (achievement); mighty; distinguished; skilled; bold/confident; proud; ,---
3,"4,37",et facta est procella magna venti et fluctus mittebat in navem ita ut impleretur navis,"venti n41 (w41)
",venti,n41 (w41),"—> vēntus, i, m. (586) : wind; — vēntī genitive singular 
", vēntī genitive singular,vēntus, wind; ,---
3,"4,37",et facta est procella magna venti et fluctus mittebat in navem ita ut impleretur navis,"et c 
",et,c,"—> ĕt, conj. adv. (42726) : and, and even; also, even; (et ... et = both ... and); — ĕt 
", ĕt,ĕt," and, and even; also, even; (et ... et = both ... and); ",---
3,"4,37",et facta est procella magna venti et fluctus mittebat in navem ita ut impleretur navis,"fluctus n41 (n11)
",fluctus,n41 (n11),"—> flūctus, us, m. (272) : wave; disorder; flood, flow, tide, billow, surge; turbulence, commotion; — flūctūs genitive singular 
", flūctūs genitive singular,flūctus," wave; disorder; flood, flow, tide, billow, surge; turbulence, commotion; ",---
3,"4,37",et facta est procella magna venti et fluctus mittebat in navem ita ut impleretur navis,"mittebat v1 
",mittebat,v1,"—> mītto, is, ere, misi, missum (1725) : to send, throw, hurl, cast; to let out, release, dismiss; to disregard; — mīttēbăt imperfect indicative active 3rd singular 
", mīttēbăt imperfect indicative active 3rd singular,mītto," to send, throw, hurl, cast; to let out, release, dismiss; to disregard; ",---
3,"4,37",et facta est procella magna venti et fluctus mittebat in navem ita ut impleretur navis,"in r 
",in,r,"—> ĭn, īndŭ, prép. + acc. ou + abl. (30083) : in, into, on — ĭn 
", ĭn,ĭn," in, into, on ",---
3,"4,37",et facta est procella magna venti et fluctus mittebat in navem ita ut impleretur navis,"navem n31
",navem,n31,"—> nāvĭs, is, f. (941) : ship; [navis longa => galley, battleship; ~ oneraria => transport/cargo ship]; — nāvĕm accusative singular 
", nāvĕm accusative singular,nāvĭs," ship; [navis longa => galley, battleship; ~ oneraria => transport/cargo ship]; ",---
3,"4,37",et facta est procella magna venti et fluctus mittebat in navem ita ut impleretur navis,"ita d (v31)
",ita,d (v31),"—> ĭtā, adv. (2861) : thus, so; therefore; — ĭtā 
", ĭtā,ĭtā," thus, so; therefore; ",---
3,"4,37",et facta est procella magna venti et fluctus mittebat in navem ita ut impleretur navis,"ut c ()
",ut,c (),"—> ŭt, ŭtŭt, conj. sub. + ind. ou subj. (10753) : to (+ subjunctive), in order that/to; how, as, when, while; even if; — ŭt 
", ŭt,ŭt," to (+ subjunctive), in order that/to; how, as, when, while; even if; ",---
3,"4,37",et facta est procella magna venti et fluctus mittebat in navem ita ut impleretur navis,"impleretur v2 
",impleretur,v2,"—> īmplĕo, es, ere, eui, etum (274) : to fill up; to satisfy, fulfill; to fill, finish, complete; to spend (time); — īmplērētŭr imperfect subjunctive passive 3rd singular 
", īmplērētŭr imperfect subjunctive passive 3rd singular,īmplĕo," to fill up; to satisfy, fulfill; to fill, finish, complete; to spend (time); ",---
3,"4,37",et facta est procella magna venti et fluctus mittebat in navem ita ut impleretur navis,"navis n11
",navis,n11,"—> nāvĭs, is, f. (941) : ship; [navis longa => galley, battleship; ~ oneraria => transport/cargo ship]; — nāvĭs nominative singular 
", nāvĭs nominative singular,nāvĭs," ship; [navis longa => galley, battleship; ~ oneraria => transport/cargo ship]; ",---
4,"4,38",et erat ipse in puppi supra cervical dormiens et excitant eum et dicunt ei magister non ad te pertinet quia perimus,"et d (c )
",et,d (c ),"—> ĕt, conj. adv. (42726) : and, and even; also, even; (et ... et = both ... and); — ĕt 
", ĕt,ĕt," and, and even; also, even; (et ... et = both ... and); ",---
4,"4,38",et erat ipse in puppi supra cervical dormiens et excitant eum et dicunt ei magister non ad te pertinet quia perimus,"erat v1 ()
",erat,v1 (),"—> sŭm, es, esse, fui (40916) : to be; to exist; (also used to form verb perfect passive tenses) with NOM PERF PPL — ĕrăt imperfect indicative active 3rd singular 
", ĕrăt imperfect indicative active 3rd singular,sŭm, to be; to exist; (also used to form verb perfect passive tenses) with NOM PERF PPL ,---
4,"4,38",et erat ipse in puppi supra cervical dormiens et excitant eum et dicunt ei magister non ad te pertinet quia perimus,"ipse p11
",ipse,p11,"—> īpsĕ, ipsa, ipsum, pron. (7890) : himself/herself/itself; the very/real/actual one; in person; themselves (pl.); — īpsĕ masculine nominative singular 
", īpsĕ masculine nominative singular,īpsĕ, himself/herself/itself; the very/real/actual one; in person; themselves (pl.); ,---
4,"4,38",et erat ipse in puppi supra cervical dormiens et excitant eum et dicunt ei magister non ad te pertinet quia perimus,"in r 
",in,r,"—> ĭn, īndŭ, prép. + acc. ou + abl. (30083) : in, into, on — ĭn 
", ĭn,ĭn," in, into, on ",---
4,"4,38",et erat ipse in puppi supra cervical dormiens et excitant eum et dicunt ei magister non ad te pertinet quia perimus,"puppi n61
",puppi,n61,"—> pūppis, pūppes, is, f. (45) : stern/aft (of ship); poop; ship; back — pūppī ablative singular 
", pūppī ablative singular,pūppis, stern/aft (of ship); poop; ship; back ,---
4,"4,38",et erat ipse in puppi supra cervical dormiens et excitant eum et dicunt ei magister non ad te pertinet quia perimus,"supra d 
",supra,d,"—> sū̆prā, adv. (161) : above, beyond; over; more than; in charge of, in authority over; — sū̆prā 
", sū̆prā,sū̆prā," above, beyond; over; more than; in charge of, in authority over; ",---
4,"4,38",et erat ipse in puppi supra cervical dormiens et excitant eum et dicunt ei magister non ad te pertinet quia perimus,"cervical n11 (n31)
",cervical,n11 (n31),"—> cērvīcăl, alis, n. (6) : pillow, cushion; — cērvīcăl nominative singular 
", cērvīcăl nominative singular,cērvīcăl," pillow, cushion; ",---
4,"4,38",et erat ipse in puppi supra cervical dormiens et excitant eum et dicunt ei magister non ad te pertinet quia perimus,"dormiens w11
",dormiens,w11,"—> dōrmĭo, is, ire, iui, itum (104) : to sleep, rest; to be/fall asleep; to behave as if asleep; to be idle, do nothing; — dōrmĭēns participle present active masculine nominative singular 
", dōrmĭēns participle present active masculine nominative singular,dōrmĭo," to sleep, rest; to be/fall asleep; to behave as if asleep; to be idle, do nothing; ",---
4,"4,38",et erat ipse in puppi supra cervical dormiens et excitant eum et dicunt ei magister non ad te pertinet quia perimus,"et c 
",et,c,"—> ĕt, conj. adv. (42726) : and, and even; also, even; (et ... et = both ... and); — ĕt 
", ĕt,ĕt," and, and even; also, even; (et ... et = both ... and); ",---
4,"4,38",et erat ipse in puppi supra cervical dormiens et excitant eum et dicunt ei magister non ad te pertinet quia perimus,"excitant v11
",excitant,v11,"—> ēxcĭto, as, are (287) : to wake up, stir up; to cause; to raise, erect; incite; to excite, arouse; — ēxcĭtānt present indicative active 3rd plural 
", ēxcĭtānt present indicative active 3rd plural,ēxcĭto," to wake up, stir up; to cause; to raise, erect; incite; to excite, arouse; ",---
4,"4,38",et erat ipse in puppi supra cervical dormiens et excitant eum et dicunt ei magister non ad te pertinet quia perimus,"eum p31
",eum,p31,"—> ĭs, ea, id, adj. et pron. (18209) : he/she/it/they (by GENDER/NUMBER); DEMONST that, he/she/it, they/them; — ĕŭm masculine accusative singular 
", ĕŭm masculine accusative singular,ĭs," he/she/it/they (by GENDER/NUMBER); DEMONST that, he/she/it, they/them; ",---
4,"4,38",et erat ipse in puppi supra cervical dormiens et excitant eum et dicunt ei magister non ad te pertinet quia perimus,"et d (c )
",et,d (c ),"—> ĕt, conj. adv. (42726) : and, and even; also, even; (et ... et = both ... and); — ĕt 
", ĕt,ĕt," and, and even; also, even; (et ... et = both ... and); ",---
4,"4,38",et erat ipse in puppi supra cervical dormiens et excitant eum et dicunt ei magister non ad te pertinet quia perimus,"dicunt v11
",dicunt,v11,"—> dīco, is, ere, dixi, dictum (7210) : to say, declare, state; to allege, declare positively; to assert; to plead (case); to mean; — dīcūnt present indicative active 3rd plural 
", dīcūnt present indicative active 3rd plural,dīco," to say, declare, state; to allege, declare positively; to assert; to plead (case); to mean; ",---
4,"4,38",et erat ipse in puppi supra cervical dormiens et excitant eum et dicunt ei magister non ad te pertinet quia perimus,"ei p51
",ei,p51,"—> ĭs, ea, id, adj. et pron. (18209) : he/she/it/they (by GENDER/NUMBER); DEMONST that, he/she/it, they/them; — ĕī masculine dative singular 
", ĕī masculine dative singular,ĭs," he/she/it/they (by GENDER/NUMBER); DEMONST that, he/she/it, they/them; ",---
4,"4,38",et erat ipse in puppi supra cervical dormiens et excitant eum et dicunt ei magister non ad te pertinet quia perimus,"magister n11
",magister,n11,"—> măgīstĕr, tri, m. (201) : teacher, tutor, master, expert, chief; pilot of a ship; rabbi; — măgīstĕr nominative singular 
", măgīstĕr nominative singular,măgīstĕr," teacher, tutor, master, expert, chief; pilot of a ship; rabbi; ",---
4,"4,38",et erat ipse in puppi supra cervical dormiens et excitant eum et dicunt ei magister non ad te pertinet quia perimus,"non d 
",non,d,"—> nōn, adv. neg. (21761) : not, by no means, no; [non modo ... sed etiam => not only ... but also]; — nōn 
", nōn,nōn," not, by no means, no; [non modo ... sed etiam => not only ... but also]; ",---
4,"4,38",et erat ipse in puppi supra cervical dormiens et excitant eum et dicunt ei magister non ad te pertinet quia perimus,"ad r ()
",ad,r (),"—> ăd, prép. + acc. (11922) : to, up to, towards; near, at; until, on, by; almost; according to; about w/NUM; — ăd 
", ăd,ăd," to, up to, towards; near, at; until, on, by; almost; according to; about w/NUM; ",---
4,"4,38",et erat ipse in puppi supra cervical dormiens et excitant eum et dicunt ei magister non ad te pertinet quia perimus,"te p31
",te,p31,"—> tū, tui, sing. pron. (13016) : you (sing.); thou/thine/thee/thy (PERS); yourself/thyself (REFLEX); — tē masculine accusative singular 
", tē masculine accusative singular,tū, you (sing.); thou/thine/thee/thy (PERS); yourself/thyself (REFLEX); ,---
4,"4,38",et erat ipse in puppi supra cervical dormiens et excitant eum et dicunt ei magister non ad te pertinet quia perimus,"pertinet v11
",pertinet,v11,"—> pērtĭnĕo, es, ere, tinui (444) : to reach; to extend; to relate to; to pertain to; — pērtĭnĕt present indicative active 3rd singular 
", pērtĭnĕt present indicative active 3rd singular,pērtĭnĕo, to reach; to extend; to relate to; to pertain to; ,---
4,"4,38",et erat ipse in puppi supra cervical dormiens et excitant eum et dicunt ei magister non ad te pertinet quia perimus,"quia c 
",quia,c,"—> quĭă, conj. sub. (1850) : because; — quĭă 
", quĭă,quĭă, because; ,---
4,"4,38",et erat ipse in puppi supra cervical dormiens et excitant eum et dicunt ei magister non ad te pertinet quia perimus,"perimus v11
",perimus,v11,"—> pĕrĕo, is, ire, ii, itum (655) : to die, pass away; to be ruined, be destroyed; to go to waste; — pĕrīmŭs present indicative active 1st plural 
", pĕrīmŭs present indicative active 1st plural,pĕrĕo," to die, pass away; to be ruined, be destroyed; to go to waste; ",---
5,"4,39",et exsurgens comminatus est vento et dixit mari tace obmutesce et cessavit ventus et facta est tranquillitas magna,"et d (c )
",et,d (c ),"—> ĕt, conj. adv. (42726) : and, and even; also, even; (et ... et = both ... and); — ĕt 
", ĕt,ĕt," and, and even; also, even; (et ... et = both ... and); ",---
5,"4,39",et exsurgens comminatus est vento et dixit mari tace obmutesce et cessavit ventus et facta est tranquillitas magna,"exsurgens w11
",exsurgens,w11,"—> ēxsūrgo, is, ere, surrexi, surrectum (44) : - to bestir oneself/take action; to swell/rise/move/extend up/out/to higher moral - to rise (to one's feet/from bed/moon/in revolt); to stand/rear/get up; to come to — ēxsūrgēns participle present active masculine nominative singular 
", ēxsūrgēns participle present active masculine nominative singular,ēxsūrgo, - to bestir oneself/take action; to swell/rise/move/extend up/out/to higher moral - to rise (to one's feet/from bed/moon/in revolt); to stand/rear/get up; to come to ,---
5,"4,39",et exsurgens comminatus est vento et dixit mari tace obmutesce et cessavit ventus et facta est tranquillitas magna,"comminatus w11
",comminatus,w11,"—> cōmmĭnŏr, aris, ari (2) : to threaten, make a threat — cōmmĭnātŭs participle perfect active masculine nominative singular 
", cōmmĭnātŭs participle perfect active masculine nominative singular,cōmmĭnŏr," to threaten, make a threat ",---
5,"4,39",et exsurgens comminatus est vento et dixit mari tace obmutesce et cessavit ventus et facta est tranquillitas magna,"est v11 ()
",est,v11 (),"—> sŭm, es, esse, fui (40916) : to be; to exist; (also used to form verb perfect passive tenses) with NOM PERF PPL — ēst present indicative active 3rd singular 
", ēst present indicative active 3rd singular,sŭm, to be; to exist; (also used to form verb perfect passive tenses) with NOM PERF PPL ,---
5,"4,39",et exsurgens comminatus est vento et dixit mari tace obmutesce et cessavit ventus et facta est tranquillitas magna,"vento n61 (w61)
",vento,n61 (w61),"—> vēntus, i, m. (586) : wind; — vēntō ablative singular 
", vēntō ablative singular,vēntus, wind; ,---
5,"4,39",et exsurgens comminatus est vento et dixit mari tace obmutesce et cessavit ventus et facta est tranquillitas magna,"et c 
",et,c,"—> ĕt, conj. adv. (42726) : and, and even; also, even; (et ... et = both ... and); — ĕt 
", ĕt,ĕt," and, and even; also, even; (et ... et = both ... and); ",---
5,"4,39",et exsurgens comminatus est vento et dixit mari tace obmutesce et cessavit ventus et facta est tranquillitas magna,"dixit v1 
",dixit,v1,"—> dīco, is, ere, dixi, dictum (7210) : to say, declare, state; to allege, declare positively; to assert; to plead (case); to mean; — dīxĭt perfect indicative active 3rd singular 
", dīxĭt perfect indicative active 3rd singular,dīco," to say, declare, state; to allege, declare positively; to assert; to plead (case); to mean; ",---
5,"4,39",et exsurgens comminatus est vento et dixit mari tace obmutesce et cessavit ventus et facta est tranquillitas magna,"mari n61
",mari,n61,"—> mărĕ, is, n. (1083) : sea; sea water; — mărī ablative singular 
", mărī ablative singular,mărĕ, sea; sea water; ,---
5,"4,39",et exsurgens comminatus est vento et dixit mari tace obmutesce et cessavit ventus et facta est tranquillitas magna,"tace v31
",tace,v31,"—> tăcĕo, es, ere, cui, citum (337) : to be silent; to pass over in silence; to leave unmentioned, be silent about something; — tăcē present imperative active 2nd singular 
", tăcē present imperative active 2nd singular,tăcĕo," to be silent; to pass over in silence; to leave unmentioned, be silent about something; ",---
5,"4,39",et exsurgens comminatus est vento et dixit mari tace obmutesce et cessavit ventus et facta est tranquillitas magna,"obmutesce v31
",obmutesce,v31,"—> ōbmūtēsco, is, ere, mutui, - (11) : to lose one's speech, become silent; — ōbmūtēscĕ present imperative active 2nd singular 
", ōbmūtēscĕ present imperative active 2nd singular,ōbmūtēsco," to lose one's speech, become silent; ",---
5,"4,39",et exsurgens comminatus est vento et dixit mari tace obmutesce et cessavit ventus et facta est tranquillitas magna,"et c 
",et,c,"—> ĕt, conj. adv. (42726) : and, and even; also, even; (et ... et = both ... and); — ĕt 
", ĕt,ĕt," and, and even; also, even; (et ... et = both ... and); ",---
5,"4,39",et exsurgens comminatus est vento et dixit mari tace obmutesce et cessavit ventus et facta est tranquillitas magna,"cessavit v1 
",cessavit,v1,"—> cēsso, as, are (199) : to be remiss/inactive; to hold back, leave off, delay, cease from; to rest; to be free of; — cēssāvĭt perfect indicative active 3rd singular 
", cēssāvĭt perfect indicative active 3rd singular,cēsso," to be remiss/inactive; to hold back, leave off, delay, cease from; to rest; to be free of; ",---
5,"4,39",et exsurgens comminatus est vento et dixit mari tace obmutesce et cessavit ventus et facta est tranquillitas magna,"ventus n11 (w11)
",ventus,n11 (w11),"—> vēntus, i, m. (586) : wind; — vēntŭs nominative singular 
", vēntŭs nominative singular,vēntus, wind; ,---
5,"4,39",et exsurgens comminatus est vento et dixit mari tace obmutesce et cessavit ventus et facta est tranquillitas magna,"et c 
",et,c,"—> ĕt, conj. adv. (42726) : and, and even; also, even; (et ... et = both ... and); — ĕt 
", ĕt,ĕt," and, and even; also, even; (et ... et = both ... and); ",---
5,"4,39",et exsurgens comminatus est vento et dixit mari tace obmutesce et cessavit ventus et facta est tranquillitas magna,"facta w11
",facta,w11,"—> fīo, is, fieri, factus sum (2067) : to happen, come about; to result (from); to take place, be held, occur, arise (event); to develop; — fāctă participle perfect passive feminine nominative singular 
", fāctă participle perfect passive feminine nominative singular,fīo," to happen, come about; to result (from); to take place, be held, occur, arise (event); to develop; ",---
5,"4,39",et exsurgens comminatus est vento et dixit mari tace obmutesce et cessavit ventus et facta est tranquillitas magna,"est v11 ()
",est,v11 (),"—> sŭm, es, esse, fui (40916) : to be; to exist; (also used to form verb perfect passive tenses) with NOM PERF PPL — ēst present indicative active 3rd singular 
", ēst present indicative active 3rd singular,sŭm, to be; to exist; (also used to form verb perfect passive tenses) with NOM PERF PPL ,---
5,"4,39",et exsurgens comminatus est vento et dixit mari tace obmutesce et cessavit ventus et facta est tranquillitas magna,"tranquillitas n11
",tranquillitas,n11,"—> trānquīllĭtās, atis, f. (72) : stillness; tranquility; — trānquīllĭtās nominative singular 
", trānquīllĭtās nominative singular,trānquīllĭtās, stillness; tranquility; ,---
5,"4,39",et exsurgens comminatus est vento et dixit mari tace obmutesce et cessavit ventus et facta est tranquillitas magna,"magna a11
",magna,a11,"—> māgnus, a, um (6056) : - large/great/big/vast/huge; much; powerful; tall/long/broad; extensive/ - great (achievement); mighty; distinguished; skilled; bold/confident; proud; — māgnă feminine nominative singular 
", māgnă feminine nominative singular,māgnus, - large/great/big/vast/huge; much; powerful; tall/long/broad; extensive/ - great (achievement); mighty; distinguished; skilled; bold/confident; proud; ,---
6,"4,40",et ait illis quid timidi estis necdum habetis fidem et timuerunt magno timore et dicebant ad alterutrum quis putas est iste quia et ventus et mare oboediunt ei,"et d (c )
",et,d (c ),"—> ĕt, conj. adv. (42726) : and, and even; also, even; (et ... et = both ... and); — ĕt 
", ĕt,ĕt," and, and even; also, even; (et ... et = both ... and); ",---
6,"4,40",et ait illis quid timidi estis necdum habetis fidem et timuerunt magno timore et dicebant ad alterutrum quis putas est iste quia et ventus et mare oboediunt ei,"ait v11
",ait,v11,"—> ājo, is, - (692) : he says (ait), it is said; they say (aiunt); — āĭt present indicative active 3rd singular 
", āĭt present indicative active 3rd singular,ājo," he says (ait), it is said; they say (aiunt); ",---
6,"4,40",et ait illis quid timidi estis necdum habetis fidem et timuerunt magno timore et dicebant ad alterutrum quis putas est iste quia et ventus et mare oboediunt ei,"illis p52 (p62)
",illis,p52 (p62),"—> īllĕ, illa, illud, pron. (14503) : that; those (pl.); also DEMONST; that person/thing; the well known; the former; — īllīs masculine dative plural 
", īllīs masculine dative plural,īllĕ, that; those (pl.); also DEMONST; that person/thing; the well known; the former; ,---
6,"4,40",et ait illis quid timidi estis necdum habetis fidem et timuerunt magno timore et dicebant ad alterutrum quis putas est iste quia et ventus et mare oboediunt ei,"quid p11
",quid,p11,"—> quĭs, quae, quid, pron. interr. (13642) : who? which? what? what man? — quĭd neuter nominative singular 
", quĭd neuter nominative singular,quĭs, who? which? what? what man? ,---
6,"4,40",et ait illis quid timidi estis necdum habetis fidem et timuerunt magno timore et dicebant ad alterutrum quis putas est iste quia et ventus et mare oboediunt ei,"timidi a41
",timidi,a41,"—> tĭmĭdus, a, um (165) : timid; cowardly; fearful, apprehensive; without courage; afraid to; — tĭmĭdī masculine genitive singular 
", tĭmĭdī masculine genitive singular,tĭmĭdus," timid; cowardly; fearful, apprehensive; without courage; afraid to; ",---
6,"4,40",et ait illis quid timidi estis necdum habetis fidem et timuerunt magno timore et dicebant ad alterutrum quis putas est iste quia et ventus et mare oboediunt ei,"estis v11 ()
",estis,v11 (),"—> sŭm, es, esse, fui (40916) : to be; to exist; (also used to form verb perfect passive tenses) with NOM PERF PPL — ēstĭs present indicative active 2nd plural 
", ēstĭs present indicative active 2nd plural,sŭm, to be; to exist; (also used to form verb perfect passive tenses) with NOM PERF PPL ,---
6,"4,40",et ait illis quid timidi estis necdum habetis fidem et timuerunt magno timore et dicebant ad alterutrum quis putas est iste quia et ventus et mare oboediunt ei,"necdum d 
",necdum,d,"—> nēcdŭm, adv. (33) : and/but not yet; — nēcdŭm 
", nēcdŭm,nēcdŭm, and/but not yet; ,---
6,"4,40",et ait illis quid timidi estis necdum habetis fidem et timuerunt magno timore et dicebant ad alterutrum quis putas est iste quia et ventus et mare oboediunt ei,"habetis v11
",habetis,v11,"—> hăbĕo, es, ere, bui, bitum (5460) : to have, hold, consider, think, reason; to manage, keep; to spend/pass (time); — hăbētĭs present indicative active 2nd plural 
", hăbētĭs present indicative active 2nd plural,hăbĕo," to have, hold, consider, think, reason; to manage, keep; to spend/pass (time); ",---
6,"4,40",et ait illis quid timidi estis necdum habetis fidem et timuerunt magno timore et dicebant ad alterutrum quis putas est iste quia et ventus et mare oboediunt ei,"fidem n31
",fidem,n31,"—> fĭdēs, ei, f. (1305) : faith, loyalty; honesty; credit; confidence, trust, belief; good faith — fĭdĕm accusative singular 
", fĭdĕm accusative singular,fĭdēs," faith, loyalty; honesty; credit; confidence, trust, belief; good faith ",---
6,"4,40",et ait illis quid timidi estis necdum habetis fidem et timuerunt magno timore et dicebant ad alterutrum quis putas est iste quia et ventus et mare oboediunt ei,"et c 
",et,c,"—> ĕt, conj. adv. (42726) : and, and even; also, even; (et ... et = both ... and); — ĕt 
", ĕt,ĕt," and, and even; also, even; (et ... et = both ... and); ",---
6,"4,40",et ait illis quid timidi estis necdum habetis fidem et timuerunt magno timore et dicebant ad alterutrum quis putas est iste quia et ventus et mare oboediunt ei,"timuerunt v1 
",timuerunt,v1,"—> tĭmĕo, es, ere, timui (987) : to fear, dread, be afraid (ne + SUB = lest; ut or ne non + SUB = that ... not); — tĭmŭērūnt perfect indicative active 3rd plural 
", tĭmŭērūnt perfect indicative active 3rd plural,tĭmĕo," to fear, dread, be afraid (ne + SUB = lest; ut or ne non + SUB = that ... not); ",---
6,"4,40",et ait illis quid timidi estis necdum habetis fidem et timuerunt magno timore et dicebant ad alterutrum quis putas est iste quia et ventus et mare oboediunt ei,"magno a61
",magno,a61,"—> māgnus, a, um (6056) : - large/great/big/vast/huge; much; powerful; tall/long/broad; extensive/ - great (achievement); mighty; distinguished; skilled; bold/confident; proud; — māgnō masculine ablative singular 
", māgnō masculine ablative singular,māgnus, - large/great/big/vast/huge; much; powerful; tall/long/broad; extensive/ - great (achievement); mighty; distinguished; skilled; bold/confident; proud; ,---
6,"4,40",et ait illis quid timidi estis necdum habetis fidem et timuerunt magno timore et dicebant ad alterutrum quis putas est iste quia et ventus et mare oboediunt ei,"timore n61
",timore,n61,"—> tĭmŏr, oris, m. (420) : fear; dread; — tĭmōrĕ ablative singular 
", tĭmōrĕ ablative singular,tĭmŏr, fear; dread; ,---
6,"4,40",et ait illis quid timidi estis necdum habetis fidem et timuerunt magno timore et dicebant ad alterutrum quis putas est iste quia et ventus et mare oboediunt ei,"et c 
",et,c,"—> ĕt, conj. adv. (42726) : and, and even; also, even; (et ... et = both ... and); — ĕt 
", ĕt,ĕt," and, and even; also, even; (et ... et = both ... and); ",---
6,"4,40",et ait illis quid timidi estis necdum habetis fidem et timuerunt magno timore et dicebant ad alterutrum quis putas est iste quia et ventus et mare oboediunt ei,"dicebant v1 
",dicebant,v1,"—> dīco, is, ere, dixi, dictum (7210) : to say, declare, state; to allege, declare positively; to assert; to plead (case); to mean; — dīcēbānt imperfect indicative active 3rd plural 
", dīcēbānt imperfect indicative active 3rd plural,dīco," to say, declare, state; to allege, declare positively; to assert; to plead (case); to mean; ",---
6,"4,40",et ait illis quid timidi estis necdum habetis fidem et timuerunt magno timore et dicebant ad alterutrum quis putas est iste quia et ventus et mare oboediunt ei,"ad r ()
",ad,r (),"—> ăd, prép. + acc. (11922) : to, up to, towards; near, at; until, on, by; almost; according to; about w/NUM; — ăd 
", ăd,ăd," to, up to, towards; near, at; until, on, by; almost; according to; about w/NUM; ",---
6,"4,40",et ait illis quid timidi estis necdum habetis fidem et timuerunt magno timore et dicebant ad alterutrum quis putas est iste quia et ventus et mare oboediunt ei,"alterutrum a31
",alterutrum,a31,"—> āltĕrŭtĕr, a, um (26) : one (of two), one or the other; either; both; (PRONominal ADJ) — āltĕrū̆trŭm masculine accusative singular 
", āltĕrū̆trŭm masculine accusative singular,āltĕrŭtĕr," one (of two), one or the other; either; both; (PRONominal ADJ) ",---
6,"4,40",et ait illis quid timidi estis necdum habetis fidem et timuerunt magno timore et dicebant ad alterutrum quis putas est iste quia et ventus et mare oboediunt ei,"quis p11
",quis,p11,"—> quĭs, quae, quid, pron. interr. (13642) : who? which? what? what man? — quĭs masculine nominative singular 
", quĭs masculine nominative singular,quĭs, who? which? what? what man? ,---
6,"4,40",et ait illis quid timidi estis necdum habetis fidem et timuerunt magno timore et dicebant ad alterutrum quis putas est iste quia et ventus et mare oboediunt ei,"putas v11
",putas,v11,"—> pŭto, as, are (2263) : to think, believe, suppose, hold; to reckon, estimate, value; to clear up, settle; — pŭtās present indicative active 2nd singular 
", pŭtās present indicative active 2nd singular,pŭto," to think, believe, suppose, hold; to reckon, estimate, value; to clear up, settle; ",---
6,"4,40",et ait illis quid timidi estis necdum habetis fidem et timuerunt magno timore et dicebant ad alterutrum quis putas est iste quia et ventus et mare oboediunt ei,"est v11 ()
",est,v11 (),"—> sŭm, es, esse, fui (40916) : to be; to exist; (also used to form verb perfect passive tenses) with NOM PERF PPL — ēst present indicative active 3rd singular 
", ēst present indicative active 3rd singular,sŭm, to be; to exist; (also used to form verb perfect passive tenses) with NOM PERF PPL ,---
6,"4,40",et ait illis quid timidi estis necdum habetis fidem et timuerunt magno timore et dicebant ad alterutrum quis putas est iste quia et ventus et mare oboediunt ei,"iste p11
",iste,p11,"—> īstĕ, a, ud, pron. (3540) : that, that of yours, that which you refer to; such; — īstĕ masculine nominative singular 
", īstĕ masculine nominative singular,īstĕ," that, that of yours, that which you refer to; such; ",---
6,"4,40",et ait illis quid timidi estis necdum habetis fidem et timuerunt magno timore et dicebant ad alterutrum quis putas est iste quia et ventus et mare oboediunt ei,"quia c 
",quia,c,"—> quĭă, conj. sub. (1850) : because; — quĭă 
", quĭă,quĭă, because; ,---
6,"4,40",et ait illis quid timidi estis necdum habetis fidem et timuerunt magno timore et dicebant ad alterutrum quis putas est iste quia et ventus et mare oboediunt ei,"et d (c )
",et,d (c ),"—> ĕt, conj. adv. (42726) : and, and even; also, even; (et ... et = both ... and); — ĕt 
", ĕt,ĕt," and, and even; also, even; (et ... et = both ... and); ",---
6,"4,40",et ait illis quid timidi estis necdum habetis fidem et timuerunt magno timore et dicebant ad alterutrum quis putas est iste quia et ventus et mare oboediunt ei,"ventus n11 (w11)
",ventus,n11 (w11),"—> vēntus, i, m. (586) : wind; — vēntŭs nominative singular 
", vēntŭs nominative singular,vēntus, wind; ,---
6,"4,40",et ait illis quid timidi estis necdum habetis fidem et timuerunt magno timore et dicebant ad alterutrum quis putas est iste quia et ventus et mare oboediunt ei,"et d (c )
",et,d (c ),"—> ĕt, conj. adv. (42726) : and, and even; also, even; (et ... et = both ... and); — ĕt 
", ĕt,ĕt," and, and even; also, even; (et ... et = both ... and); ",---
6,"4,40",et ait illis quid timidi estis necdum habetis fidem et timuerunt magno timore et dicebant ad alterutrum quis putas est iste quia et ventus et mare oboediunt ei,"mare n11 (n31)
",mare,n11 (n31),"—> mărĕ, is, n. (1083) : sea; sea water; — mărĕ nominative singular 
", mărĕ nominative singular,mărĕ, sea; sea water; ,---
6,"4,40",et ait illis quid timidi estis necdum habetis fidem et timuerunt magno timore et dicebant ad alterutrum quis putas est iste quia et ventus et mare oboediunt ei,"oboediunt v11
",oboediunt,v11,"—> ŏbōedĭo, is, ite, ii, itum (15) : to obey; to listen/harken/submit (to); to be subject/obedient/responsible/a slave (to); — ŏbōedĭūnt present indicative active 3rd plural 
", ŏbōedĭūnt present indicative active 3rd plural,ŏbōedĭo, to obey; to listen/harken/submit (to); to be subject/obedient/responsible/a slave (to); ,---
6,"4,40",et ait illis quid timidi estis necdum habetis fidem et timuerunt magno timore et dicebant ad alterutrum quis putas est iste quia et ventus et mare oboediunt ei,"ei p51
",ei,p51,"—> ĭs, ea, id, adj. et pron. (18209) : he/she/it/they (by GENDER/NUMBER); DEMONST that, he/she/it, they/them; — ĕī masculine dative singular 
", ĕī masculine dative singular,ĭs," he/she/it/they (by GENDER/NUMBER); DEMONST that, he/she/it, they/them; ",---
